ticker,entry_date,exit_date,hold_days,entry_price,exit_price,return_pct,exit_reason
034020.KS,2018-04-19,2018-04-30,8,12983.0,14170.0,9.15,secretary_trigger
035420.KS,2018-04-20,2018-05-21,20,140828.0,131930.0,-6.32,force_liquidate
005380.KS,2018-04-30,2018-05-23,15,119198.0,107650.0,-9.69,stop_loss
035420.KS,2018-05-21,2018-06-08,13,131930.0,135605.0,2.79,secretary_trigger
009540.KS,2018-06-26,2018-07-02,5,102557.0,94201.0,-8.15,stop_loss
005380.KS,2018-06-14,2018-07-03,14,100573.0,91607.0,-8.92,stop_loss
005380.KS,2018-07-03,2018-07-16,10,91607.0,94610.0,3.28,secretary_trigger
090430.KS,2018-07-04,2018-07-19,12,282163.0,259362.0,-8.08,stop_loss
005490.KS,2018-07-11,2018-07-24,10,232474.0,242160.0,4.17,secretary_trigger
009540.KS,2018-07-02,2018-07-27,20,94201.0,100658.0,6.85,secretary_trigger
034020.KS,2018-07-09,2018-07-27,15,11676.0,11756.0,0.68,secretary_trigger
035420.KS,2018-07-05,2018-08-01,20,147986.0,140828.0,-4.84,force_liquidate
090430.KS,2018-07-19,2018-08-16,20,259362.0,244636.0,-5.68,force_liquidate
009540.KS,2018-08-22,2018-09-05,11,111103.0,114427.0,2.99,secretary_trigger
090430.KS,2018-08-20,2018-09-14,20,242261.0,255087.0,5.29,force_liquidate
005380.KS,2018-09-10,2018-10-10,18,98365.0,90105.0,-8.4,stop_loss
034020.KS,2018-09-18,2018-10-10,12,11795.0,10608.0,-10.07,stop_loss
035420.KS,2018-10-02,2018-10-18,11,133284.0,120903.0,-9.29,stop_loss
035420.KS,2018-10-18,2018-10-26,7,120903.0,109297.0,-9.6,stop_loss
005490.KS,2018-10-04,2018-11-01,20,205885.0,193884.0,-5.83,force_liquidate
035420.KS,2018-10-26,2018-11-06,8,109297.0,113166.0,3.54,secretary_trigger
005930.KS,2018-10-25,2018-11-09,12,33857.0,36582.0,8.05,secretary_trigger
207940.KS,2018-11-02,2018-11-09,6,610837.0,559870.0,-8.34,stop_loss
207940.KS,2018-11-09,2018-11-12,2,559870.0,434356.0,-22.42,stop_loss
005380.KS,2018-10-25,2018-11-20,19,82596.0,73210.0,-11.36,stop_loss
105560.KS,2018-10-30,2018-11-26,20,33504.0,32713.0,-2.36,force_liquidate
034020.KS,2018-11-14,2018-11-26,9,8193.0,9064.0,10.63,secretary_trigger
009540.KS,2018-11-22,2018-12-04,9,128671.0,131520.0,2.21,secretary_trigger
207940.KS,2018-11-12,2018-12-07,20,434356.0,508904.0,17.16,force_liquidate
005930.KS,2018-12-06,2019-01-07,20,33444.0,32297.0,-3.43,force_liquidate
090430.KS,2018-12-26,2019-01-11,11,190009.0,173934.0,-8.46,stop_loss
034020.KS,2019-01-07,2019-01-17,9,7758.0,8510.0,9.69,secretary_trigger
105560.KS,2019-01-17,2019-01-31,11,34082.0,34405.0,0.95,secretary_trigger
207940.KS,2019-01-09,2019-02-08,20,588777.0,575845.0,-2.2,force_liquidate
034020.KS,2019-02-13,2019-02-14,2,8272.0,7457.0,-9.86,stop_loss
005490.KS,2019-01-22,2019-02-21,20,204440.0,210948.0,3.18,force_liquidate
034020.KS,2019-02-14,2019-02-22,7,7457.0,6610.0,-11.36,stop_loss
034020.KS,2019-02-22,2019-03-22,20,6610.0,6230.0,-5.75,force_liquidate
009540.KS,2019-03-25,2019-04-03,8,110629.0,115851.0,4.72,secretary_trigger
034020.KS,2019-03-28,2019-04-15,13,5954.0,6656.0,11.78,secretary_trigger
207940.KS,2019-05-02,2019-05-08,4,512707.0,453373.0,-11.57,stop_loss
034020.KS,2019-05-07,2019-05-13,5,6062.0,5523.0,-8.9,stop_loss
005490.KS,2019-05-07,2019-05-24,14,192936.0,176730.0,-8.4,stop_loss
207940.KS,2019-05-08,2019-06-04,20,453373.0,478476.0,5.54,secretary_trigger
034020.KS,2019-05-13,2019-06-10,20,5523.0,5685.0,2.93,force_liquidate
005490.KS,2019-05-24,2019-06-12,13,176730.0,187920.0,6.33,secretary_trigger
090430.KS,2019-06-12,2019-07-02,15,166767.0,152909.0,-8.31,stop_loss
034020.KS,2019-07-09,2019-07-19,9,5406.0,5631.0,4.16,secretary_trigger
009540.KS,2019-06-26,2019-07-22,19,113477.0,103507.0,-8.79,stop_loss
035420.KS,2019-07-17,2019-07-26,8,115405.0,136740.0,18.49,secretary_trigger
090430.KS,2019-07-02,2019-07-29,20,152909.0,144308.0,-5.63,force_liquidate
090430.KS,2019-07-29,2019-08-01,4,144308.0,127584.0,-11.59,stop_loss
005490.KS,2019-07-15,2019-08-02,15,185200.0,168859.0,-8.82,stop_loss
207940.KS,2019-08-05,2019-08-14,8,393278.0,441202.0,12.19,secretary_trigger
009540.KS,2019-08-02,2019-08-19,11,96859.0,97809.0,0.98,secretary_trigger
090430.KS,2019-08-01,2019-08-26,17,127584.0,115160.0,-9.74,stop_loss
090430.KS,2019-08-26,2019-09-11,13,115160.0,135707.0,17.84,secretary_trigger
090430.KS,2019-10-02,2019-10-16,9,137618.0,147653.0,7.29,secretary_trigger
005380.KS,2019-10-07,2019-11-04,20,99278.0,96176.0,-3.13,force_liquidate
005490.KS,2019-11-28,2019-12-09,8,182504.0,182896.0,0.22,secretary_trigger
009540.KS,2019-12-20,2020-01-03,8,119175.0,122974.0,3.19,secretary_trigger
034020.KS,2020-01-23,2020-01-30,4,5523.0,5046.0,-8.63,stop_loss
090430.KS,2020-02-24,2020-03-11,13,166179.0,152731.0,-8.09,stop_loss
009540.KS,2020-03-10,2020-03-13,4,91447.0,76823.0,-15.99,stop_loss
009540.KS,2020-03-13,2020-03-18,4,76823.0,68276.0,-11.12,stop_loss
090430.KS,2020-03-11,2020-03-20,8,152731.0,158974.0,4.09,secretary_trigger
009540.KS,2020-03-18,2020-04-02,12,68276.0,75303.0,10.29,secretary_trigger
005490.KS,2020-05-14,2020-05-27,10,135322.0,147002.0,8.63,secretary_trigger
090430.KS,2020-05-04,2020-06-01,20,167620.0,159455.0,-4.87,force_liquidate
034020.KS,2020-05-21,2020-06-02,9,3701.0,4371.0,18.1,secretary_trigger
005380.KS,2020-05-26,2020-06-05,9,77759.0,88254.0,13.5,secretary_trigger
009540.KS,2020-06-01,2020-06-26,20,87553.0,84325.0,-3.69,force_liquidate
005930.KS,2020-06-02,2020-06-29,20,44437.0,45605.0,2.63,force_liquidate
090430.KS,2020-08-11,2020-09-08,20,167139.0,163297.0,-2.3,force_liquidate
009540.KS,2020-09-07,2020-09-24,14,83470.0,73784.0,-11.6,stop_loss
207940.KS,2020-10-22,2020-11-02,8,1001072.0,1061928.0,6.08,secretary_trigger
090430.KS,2020-11-18,2020-12-09,16,180587.0,208444.0,15.43,secretary_trigger
005380.KS,2020-11-26,2020-12-23,20,142319.0,147090.0,3.35,force_liquidate
035420.KS,2021-01-08,2021-01-21,10,303639.0,313858.0,3.37,secretary_trigger
034020.KS,2021-01-28,2021-02-04,6,12141.0,11085.0,-8.7,stop_loss
034020.KS,2021-02-04,2021-02-24,13,11085.0,9837.0,-11.26,stop_loss
034020.KS,2021-02-24,2021-03-12,12,9837.0,10893.0,10.73,secretary_trigger
105560.KS,2021-03-05,2021-03-26,16,36652.0,41486.0,13.19,secretary_trigger
009540.KS,2021-03-11,2021-03-26,12,109204.0,125348.0,14.78,secretary_trigger
005490.KS,2021-03-02,2021-03-29,20,235868.0,270627.0,14.74,secretary_trigger
005930.KS,2021-04-16,2021-05-14,20,75653.0,72226.0,-4.53,force_liquidate
005380.KS,2021-06-01,2021-06-28,20,191465.0,194697.0,1.69,force_liquidate
009540.KS,2021-07-08,2021-07-21,10,119650.0,121549.0,1.59,secretary_trigger
005490.KS,2021-08-05,2021-08-19,10,290616.0,264850.0,-8.87,stop_loss
090430.KS,2021-07-29,2021-08-26,20,220850.0,212652.0,-3.71,force_liquidate
005380.KS,2021-08-19,2021-08-31,9,167520.0,172388.0,2.91,secretary_trigger
005490.KS,2021-08-27,2021-09-07,8,266117.0,304556.0,14.44,secretary_trigger
009540.KS,2021-09-09,2021-10-01,14,103032.0,92111.0,-10.6,stop_loss
005490.KS,2021-10-01,2021-10-14,8,277861.0,280863.0,1.08,secretary_trigger
035420.KS,2021-10-12,2021-10-21,8,362032.0,399500.0,10.35,secretary_trigger
207940.KS,2021-10-13,2021-10-22,8,1261229.0,1338820.0,6.15,secretary_trigger
009540.KS,2021-10-18,2021-10-27,8,90972.0,99233.0,9.08,secretary_trigger
090430.KS,2021-10-12,2021-11-08,20,168289.0,179862.0,6.88,force_liquidate
207940.KS,2021-11-10,2021-11-19,8,1247537.0,1357077.0,8.78,secretary_trigger
005380.KS,2021-11-05,2021-11-22,12,174416.0,177255.0,1.63,secretary_trigger
009540.KS,2021-11-26,2021-12-07,8,88693.0,92681.0,4.5,secretary_trigger
005490.KS,2021-11-29,2021-12-08,8,226834.0,248703.0,9.64,secretary_trigger
035420.KS,2021-11-17,2021-12-14,20,390254.0,381496.0,-2.24,force_liquidate
005930.KS,2021-12-06,2021-12-22,13,69433.0,72254.0,4.06,secretary_trigger
005380.KS,2021-12-09,2021-12-24,12,167926.0,174821.0,4.11,secretary_trigger
207940.KS,2021-12-09,2022-01-06,19,1393590.0,1274922.0,-8.52,stop_loss
005490.KS,2022-01-11,2022-01-24,10,261898.0,239636.0,-8.5,stop_loss
035420.KS,2022-01-05,2022-01-25,15,345947.0,313788.0,-9.3,stop_loss
005380.KS,2021-12-28,2022-01-26,20,173605.0,160791.0,-7.38,force_liquidate
090430.KS,2022-01-25,2022-02-10,10,145954.0,173108.0,18.6,secretary_trigger
035420.KS,2022-01-25,2022-02-10,10,313788.0,323046.0,2.95,secretary_trigger
034020.KS,2022-02-04,2022-02-14,7,18050.0,15600.0,-13.57,stop_loss
009540.KS,2022-02-08,2022-02-24,13,78152.0,82331.0,5.35,secretary_trigger
034020.KS,2022-02-14,2022-02-25,10,15600.0,18900.0,21.15,secretary_trigger
207940.KS,2022-02-15,2022-03-02,11,1125826.0,1180828.0,4.89,secretary_trigger
035420.KS,2022-02-24,2022-03-14,11,294786.0,320610.0,8.76,secretary_trigger
005490.KS,2022-03-14,2022-03-23,8,250549.0,267572.0,6.79,secretary_trigger
005380.KS,2022-02-24,2022-03-25,20,143017.0,143844.0,0.58,force_liquidate
035420.KS,2022-04-01,2022-04-12,8,326944.0,300633.0,-8.05,stop_loss
005380.KS,2022-04-22,2022-05-23,20,148804.0,155417.0,4.44,force_liquidate
090430.KS,2022-05-17,2022-05-30,10,152258.0,156622.0,2.87,secretary_trigger
105560.KS,2022-05-27,2022-06-13,10,49557.0,44584.0,-10.03,stop_loss
005490.KS,2022-05-27,2022-06-13,10,260140.0,237134.0,-8.84,stop_loss
207940.KS,2022-05-26,2022-06-24,20,1291530.0,1277692.0,-1.07,force_liquidate
009540.KS,2022-07-01,2022-07-06,4,88218.0,77962.0,-11.63,stop_loss
005930.KS,2022-06-29,2022-07-08,8,53618.0,54265.0,1.21,secretary_trigger
090430.KS,2022-06-30,2022-07-13,10,126073.0,131892.0,4.62,secretary_trigger
105560.KS,2022-06-30,2022-07-15,12,40310.0,36878.0,-8.52,stop_loss
035420.KS,2022-06-30,2022-07-21,16,233880.0,244112.0,4.37,secretary_trigger
207940.KS,2022-07-13,2022-07-27,11,1279230.0,1293068.0,1.08,secretary_trigger
005380.KS,2022-07-22,2022-08-02,8,158751.0,163322.0,2.88,secretary_trigger
105560.KS,2022-07-15,2022-08-05,16,36878.0,42194.0,14.42,secretary_trigger
035420.KS,2022-08-12,2022-08-23,7,258729.0,234854.0,-9.23,stop_loss
005930.KS,2022-08-17,2022-09-15,20,55837.0,51769.0,-7.28,force_liquidate
090430.KS,2022-09-05,2022-09-16,8,113951.0,120254.0,5.53,secretary_trigger
035420.KS,2022-09-15,2022-09-22,6,219749.0,201234.0,-8.43,stop_loss
005930.KS,2022-09-22,2022-10-04,8,50290.0,51380.0,2.17,secretary_trigger
035420.KS,2022-09-22,2022-10-04,8,201234.0,172787.0,-14.14,stop_loss
035420.KS,2022-10-04,2022-10-07,4,172787.0,156634.0,-9.35,stop_loss
034020.KS,2022-10-06,2022-10-11,3,14800.0,13500.0,-8.78,stop_loss
034020.KS,2022-10-11,2022-10-20,8,13500.0,14050.0,4.07,secretary_trigger
009540.KS,2022-10-11,2022-10-25,11,72740.0,66187.0,-9.01,stop_loss
090430.KS,2022-10-20,2022-10-26,5,95428.0,86991.0,-8.84,stop_loss
035420.KS,2022-10-07,2022-11-02,18,156634.0,170339.0,8.75,secretary_trigger
005380.KS,2022-10-24,2022-11-02,8,134232.0,137141.0,2.17,secretary_trigger
009540.KS,2022-10-25,2022-11-04,9,66187.0,72170.0,9.04,secretary_trigger
090430.KS,2022-10-26,2022-11-04,8,86991.0,106192.0,22.07,secretary_trigger
207940.KS,2022-10-31,2022-11-10,9,1348419.0,1394545.0,3.42,secretary_trigger
005490.KS,2022-11-01,2022-11-11,9,230984.0,259120.0,12.18,secretary_trigger
005930.KS,2022-11-03,2022-11-30,20,55104.0,57896.0,5.07,force_liquidate
035420.KS,2022-12-06,2023-01-03,20,181597.0,174745.0,-3.77,force_liquidate
009540.KS,2023-01-31,2023-02-13,10,75588.0,79957.0,5.78,secretary_trigger
034020.KS,2023-01-31,2023-02-15,12,16700.0,15320.0,-8.26,stop_loss
090430.KS,2023-03-22,2023-03-31,8,123759.0,133308.0,7.72,secretary_trigger
105560.KS,2023-03-24,2023-04-04,8,40993.0,42049.0,2.58,secretary_trigger
005930.KS,2023-04-07,2023-05-08,20,61233.0,62081.0,1.38,force_liquidate
207940.KS,2023-04-11,2023-05-10,20,1248479.0,1199278.0,-3.94,force_liquidate
034020.KS,2023-05-17,2023-06-02,12,15770.0,16440.0,4.25,secretary_trigger
105560.KS,2023-05-11,2023-06-09,20,43326.0,43546.0,0.51,force_liquidate
090430.KS,2023-05-30,2023-06-27,20,106998.0,99299.0,-7.19,force_liquidate
090430.KS,2023-06-29,2023-07-11,9,95499.0,96278.0,0.82,secretary_trigger
207940.KS,2023-07-07,2023-07-27,15,1105488.0,1216191.0,10.01,secretary_trigger
105560.KS,2023-07-27,2023-08-24,20,46015.0,47350.0,2.9,secretary_trigger
035420.KS,2023-07-31,2023-08-28,20,222724.0,209479.0,-5.95,force_liquidate
009540.KS,2023-09-27,2023-10-06,4,105406.0,95625.0,-9.28,stop_loss
005490.KS,2023-10-12,2023-10-20,7,482192.0,421686.0,-12.55,stop_loss
005380.KS,2023-10-17,2023-10-30,10,165338.0,151304.0,-8.49,stop_loss
009540.KS,2023-10-06,2023-10-31,17,95625.0,85749.0,-10.33,stop_loss
005490.KS,2023-10-20,2023-10-31,8,421686.0,383054.0,-9.16,stop_loss
035420.KS,2023-10-12,2023-11-03,17,189953.0,196723.0,3.56,secretary_trigger
005930.KS,2023-10-18,2023-11-06,14,67095.0,67475.0,0.57,secretary_trigger
005490.KS,2023-10-31,2023-11-06,5,383054.0,485916.0,26.85,take_profit
005930.KS,2023-11-06,2023-11-15,8,67475.0,68713.0,1.83,secretary_trigger
009540.KS,2023-10-31,2023-11-22,17,85749.0,97809.0,14.06,secretary_trigger
035420.KS,2023-11-29,2023-12-08,8,203592.0,213403.0,4.82,secretary_trigger
207940.KS,2023-11-28,2023-12-26,20,1117789.0,1110101.0,-0.69,force_liquidate
005380.KS,2023-12-12,2023-12-28,12,162794.0,178495.0,9.64,secretary_trigger
034020.KS,2023-12-11,2024-01-02,14,15510.0,16010.0,3.22,secretary_trigger
005490.KS,2023-12-26,2024-01-17,15,440768.0,390036.0,-11.51,stop_loss
034020.KS,2024-02-23,2024-03-11,11,16350.0,16720.0,2.26,secretary_trigger
090430.KS,2024-03-05,2024-03-22,14,111535.0,113889.0,2.11,secretary_trigger
005930.KS,2024-03-26,2024-04-04,8,76401.0,81935.0,7.24,secretary_trigger
005490.KS,2024-03-27,2024-04-15,13,400760.0,367795.0,-8.23,stop_loss
035420.KS,2024-06-12,2024-07-08,19,165836.0,167904.0,1.25,secretary_trigger
090430.KS,2024-07-12,2024-07-24,9,151853.0,175592.0,15.63,secretary_trigger
005490.KS,2024-07-24,2024-08-05,9,328610.0,298262.0,-9.24,stop_loss
005380.KS,2024-08-02,2024-08-05,2,225220.0,206760.0,-8.2,stop_loss
035420.KS,2024-08-02,2024-08-05,2,168790.0,153723.0,-8.93,stop_loss
005380.KS,2024-08-05,2024-08-16,9,206760.0,235374.0,13.84,secretary_trigger
005380.KS,2024-09-04,2024-09-13,8,214605.0,218759.0,1.94,secretary_trigger
105560.KS,2024-09-25,2024-10-08,8,73460.0,84920.0,15.6,secretary_trigger
005930.KS,2024-09-26,2024-10-10,8,62425.0,57148.0,-8.45,stop_loss
005490.KS,2024-09-26,2024-10-16,12,363226.0,331724.0,-8.67,stop_loss
090430.KS,2024-10-04,2024-10-25,15,129094.0,115067.0,-10.87,stop_loss
105560.KS,2024-10-16,2024-10-25,8,90620.0,95939.0,5.87,secretary_trigger
034020.KS,2024-10-17,2024-10-28,8,21150.0,21400.0,1.18,secretary_trigger
005380.KS,2024-10-17,2024-10-31,11,219066.0,199997.0,-8.7,stop_loss
009540.KS,2024-10-17,2024-11-01,12,187262.0,170928.0,-8.72,stop_loss
090430.KS,2024-10-25,2024-11-05,8,115067.0,124582.0,8.27,secretary_trigger
005930.KS,2024-10-10,2024-11-06,20,57148.0,55595.0,-2.72,force_liquidate
035420.KS,2024-10-15,2024-11-07,18,172532.0,176964.0,2.57,secretary_trigger
005380.KS,2024-11-15,2024-11-26,8,191625.0,207904.0,8.5,secretary_trigger
090430.KS,2024-11-21,2024-12-03,9,106728.0,107415.0,0.64,secretary_trigger
090430.KS,2024-12-06,2025-01-06,19,100843.0,113595.0,12.65,secretary_trigger
034020.KS,2024-12-18,2025-01-06,11,18060.0,18630.0,3.16,secretary_trigger
005490.KS,2024-12-17,2025-01-16,20,252015.0,250106.0,-0.76,force_liquidate
005380.KS,2025-01-16,2025-02-04,10,203718.0,186974.0,-8.22,stop_loss
005930.KS,2025-02-03,2025-02-12,8,49820.0,54509.0,9.41,secretary_trigger
005930.KS,2025-02-20,2025-03-07,11,57049.0,52458.0,-8.05,stop_loss
105560.KS,2025-02-28,2025-03-17,11,75118.0,75693.0,0.77,secretary_trigger
009540.KS,2025-04-07,2025-04-17,9,180964.0,223532.0,23.52,secretary_trigger
035420.KS,2025-04-07,2025-04-22,12,189806.0,191686.0,0.99,secretary_trigger
090430.KS,2025-04-09,2025-04-24,12,100331.0,116392.0,16.01,secretary_trigger
005380.KS,2025-04-04,2025-04-29,18,183795.0,184753.0,0.52,secretary_trigger
005930.KS,2025-06-10,2025-06-24,11,58174.0,59451.0,2.2,secretary_trigger
005490.KS,2025-06-25,2025-06-27,3,262281.0,253036.0,-3.53,force_liquidate
