date,portfolio_value,cash,invested,n_positions,daily_return,strategy,cum_return
2023-01-02 00:00:00+09:00,100000000.0,100000000.0,0.0,0,0.0,Trend,0.0
2023-01-03 00:00:00+09:00,100000000.0,100000000.0,0.0,0,0.0,Trend,0.0
2023-01-04 00:00:00+09:00,100000000.0,100000000.0,0.0,0,0.0,Trend,0.0
2023-01-05 00:00:00+09:00,100000000.0,100000000.0,0.0,0,0.0,Trend,0.0
2023-01-06 00:00:00+09:00,100000000.0,100000000.0,0.0,0,0.0,Trend,0.0
2023-01-09 00:00:00+09:00,100000000.0,100000000.0,0.0,0,0.0,Trend,0.0
2023-01-10 00:00:00+09:00,100000000.0,100000000.0,0.0,0,0.0,Trend,0.0
2023-01-11 00:00:00+09:00,100000000.0,100000000.0,0.0,0,0.0,Trend,0.0
2023-01-12 00:00:00+09:00,100000000.0,100000000.0,0.0,0,0.0,Trend,0.0
2023-01-13 00:00:00+09:00,100000000.0,100000000.0,0.0,0,0.0,Trend,0.0
2023-01-16 00:00:00+09:00,100000000.0,100000000.0,0.0,0,0.0,Trend,0.0
2023-01-17 00:00:00+09:00,100000000.0,100000000.0,0.0,0,0.0,Trend,0.0
2023-01-18 00:00:00+09:00,100000000.0,100000000.0,0.0,0,0.0,Trend,0.0
2023-01-19 00:00:00+09:00,100000000.0,100000000.0,0.0,0,0.0,Trend,0.0
2023-01-20 00:00:00+09:00,100000000.0,100000000.0,0.0,0,0.0,Trend,0.0
2023-01-25 00:00:00+09:00,100000000.0,100000000.0,0.0,0,0.0,Trend,0.0
2023-01-26 00:00:00+09:00,100000000.0,100000000.0,0.0,0,0.0,Trend,0.0
2023-01-27 00:00:00+09:00,100000000.0,100000000.0,0.0,0,0.0,Trend,0.0
2023-01-30 00:00:00+09:00,100000000.0,100000000.0,0.0,0,0.0,Trend,0.0
2023-01-31 00:00:00+09:00,99970298.7619375,85119679.7306875,14850619.03125,2,-0.0002970123806249614,Trend,-0.0002970123806249614
2023-02-01 00:00:00+09:00,99908852.535375,85119679.7306875,14789172.8046875,2,-0.0006146448227470902,Trend,-0.0009114746462499657
2023-02-02 00:00:00+09:00,99930785.3869375,85119679.7306875,14811105.65625,2,0.00021952861038743166,Trend,-0.0006921461306249599
2023-02-03 00:00:00+09:00,100128018.20725,85119679.7306875,15008338.4765625,2,0.001973694287989547,Trend,0.0012801820724999136
2023-02-06 00:00:00+09:00,99587222.9885,85119679.7306875,14467543.2578125,2,-0.005401037875638726,Trend,-0.004127770114999985
2023-02-07 00:00:00+09:00,99485425.3869375,85119679.7306875,14365745.65625,2,-0.001022195403262316,Trend,-0.005145746130625017
2023-02-08 00:00:00+09:00,99606476.379125,85119679.7306875,14486796.6484375,2,0.0012167711171429119,Trend,-0.003935236208750026
2023-02-09 00:00:00+09:00,99489778.7619375,85119679.7306875,14370099.03125,2,-0.001171586642050526,Trend,-0.005102212380625026
2023-02-10 00:00:00+09:00,99655199.14475,85119679.7306875,14535519.4140625,2,0.0016626872114000601,Trend,-0.003448008552500048
2023-02-13 00:00:00+09:00,99688685.754125,85119679.7306875,14569006.0234375,2,0.0003360247098234126,Trend,-0.003113142458750051
2023-02-14 00:00:00+09:00,99816600.9885,85119679.7306875,14696921.2578125,2,0.0012831469630414372,Trend,-0.0018339901149999616
2023-02-15 00:00:00+09:00,99492459.5275625,85119679.7306875,14372779.796875,2,-0.0032473702543212024,Trend,-0.0050754047243749545
2023-02-16 00:00:00+09:00,99618533.8244375,85119679.7306875,14498854.09375,2,0.0012671743916439215,Trend,-0.0038146617556250595
2023-02-17 00:00:00+09:00,99599446.676,85119679.7306875,14479766.9453125,2,-0.00019160238265636398,Trend,-0.00400553323999997
2023-02-20 00:00:00+09:00,99637787.2150625,85119679.7306875,14518107.484375,2,0.00038494730987026493,Trend,-0.0036221278493749898
2023-02-21 00:00:00+09:00,100008139.5275625,85119679.7306875,14888459.796875,2,0.003716986525409416,Trend,8.13952756248959e-05
2023-02-22 00:00:00+09:00,100070256.20725,85119679.7306875,14950576.4765625,2,0.0006211162409472948,Trend,0.0007025620725000792
2023-02-23 00:00:00+09:00,100116131.441625,85119679.7306875,14996451.7109375,2,0.0004584302680308294,Trend,0.0011613144162498923
2023-02-24 00:00:00+09:00,100116633.8244375,85119679.7306875,14996954.09375,2,5.0180006485600614e-06,Trend,0.0011663382443749537
2023-02-27 00:00:00+09:00,99935140.5900625,85119679.7306875,14815460.859375,2,-0.0018128179848042603,Trend,-0.0006485940993750106
2023-02-28 00:00:00+09:00,99820618.222875,85119679.7306875,14700938.4921875,2,-0.0011459669392699379,Trend,-0.0017938177712499837
2023-03-02 00:00:00+09:00,100129022.4494375,85119679.7306875,15009342.71875,2,0.0030895844170582,Trend,0.0012902244943748808
2023-03-03 00:00:00+09:00,100052004.4494375,85119679.7306875,14932324.71875,2,-0.0007691875753494948,Trend,0.0005200444943749272
2023-03-06 00:00:00+09:00,100138899.160375,85119679.7306875,15019219.4296875,2,0.0008684954530961964,Trend,0.001388991603749945
2023-03-07 00:00:00+09:00,100058700.6213125,85119679.7306875,14939020.890625,2,-0.000800872984773493,Trend,0.0005870062131250187
2023-03-08 00:00:00+09:00,100114118.7775625,85119679.7306875,14994439.046875,2,0.0005538564453253514,Trend,0.0011411877756248856
2023-03-09 00:00:00+09:00,100635993.0900625,85119679.7306875,15516313.359375,2,0.005212794347813521,Trend,0.006359930900625033
2023-03-10 00:00:00+09:00,100362245.95725,85119679.7306875,15242566.2265625,2,-0.0027201712270829015,Trend,0.0036224595725000697
2023-03-13 00:00:00+09:00,100340815.4885,85119679.7306875,15221135.7578125,2,-0.00021353117943501143,Trend,0.0034081548850000143
2023-03-14 00:00:00+09:00,99584539.347875,85119679.7306875,14464859.6171875,2,-0.007537073891049628,Trend,-0.004154606521249993
2023-03-15 00:00:00+09:00,100175060.26975,85119679.7306875,15055380.5390625,2,0.00592984539309005,Trend,0.0017506026975000477
2023-03-16 00:00:00+09:00,99892607.95725,85119679.7306875,14772928.2265625,2,-0.002819587148132685,Trend,-0.0010739204274999858
2023-03-17 00:00:00+09:00,99766199.347875,85119679.7306875,14646519.6171875,2,-0.0012654450810724027,Trend,-0.0023380065212500467
2023-03-20 00:00:00+09:00,99744266.4963125,85119679.7306875,14624586.765625,2,-0.00021984250884432566,Trend,-0.0025573350368750525
2023-03-21 00:00:00+09:00,99675119.33225,85119679.7306875,14555439.6015625,2,-0.0006932444990715991,Trend,-0.003248806677500049
2023-03-22 00:00:00+09:00,99492767.256,80159436.2325625,19333331.0234375,3,-0.001829464338459097,Trend,-0.0050723274400000795
2023-03-23 00:00:00+09:00,99355212.3185,80159436.2325625,19195776.0859375,3,-0.0013825621830988455,Trend,-0.006447876815000031
2023-03-24 00:00:00+09:00,99360994.65982813,75189409.33951563,24171585.3203125,4,5.819867114364996e-05,MeanReversion,-0.0063900534017187205
2023-03-27 00:00:00+09:00,99209681.05826563,75189409.33951563,24020271.71875,4,-0.0015228672184748326,MeanReversion,-0.007903189417343692
2023-03-28 00:00:00+09:00,99666031.98404688,75189409.33951563,24476622.64453125,4,0.004599862845171776,MeanReversion,-0.003339680159531233
2023-03-29 00:00:00+09:00,100144470.33170313,75189409.33951563,24955060.9921875,4,0.00480041532839226,MeanReversion,0.0014447033170312817
2023-03-30 00:00:00+09:00,99975545.61295313,75189409.33951563,24786136.2734375,4,-0.0016868102471407909,MeanReversion,-0.0002445438704686831
2023-03-31 00:00:00+09:00,100491807.78092188,75189409.33951563,25302398.44140625,4,0.005163884475983815,MeanReversion,0.004918077809218824
2023-04-03 00:00:00+09:00,100563155.21842188,75189409.33951563,25373745.87890625,4,0.0007099826252059405,MeanReversion,0.0056315521842187355
2023-04-04 00:00:00+09:00,100886130.65592188,75189409.33951563,25696721.31640625,4,0.003211667700744991,MeanReversion,0.008861306559218685
2023-04-05 00:00:00+09:00,100542664.78092188,75189409.33951563,25353255.44140625,4,-0.003404490515861003,MeanReversion,0.005426647809218865
2023-04-06 00:00:00+09:00,100324903.42935938,75189409.33951563,25135494.08984375,4,-0.0021658601553578016,MeanReversion,0.0032490342935938
2023-04-07 00:00:00+09:00,100266593.30154687,66292855.41873438,33973737.88281249,5,-0.0005812128974892472,Trend,0.002665933015468802
2023-04-10 00:00:00+09:00,100133195.19607812,66292855.41873438,33840339.77734374,5,-0.001330434206212261,Trend,0.0013319519607812857
2023-04-11 00:00:00+09:00,100412906.46832813,45026262.00348438,55386644.46484375,6,0.002793392058470623,Trend,0.004129064683281225
2023-04-12 00:00:00+09:00,100638819.26520313,45026262.00348438,55612557.26171875,6,0.002249838241125568,Trend,0.006388192652031277
2023-04-13 00:00:00+09:00,101213604.74176563,45026262.00348438,56187342.73828125,6,0.005711369437352287,Trend,0.012136047417656393
2023-04-14 00:00:00+09:00,101653217.76910938,45026262.00348438,56626955.765625,6,0.004343418342478422,Trend,0.01653217769109383
2023-04-17 00:00:00+09:00,102130766.35348439,56302132.603484385,45828633.75000001,5,0.004697820638198458,Trend,0.021307663534843924
2023-04-18 00:00:00+09:00,101963165.59567189,56302132.603484385,45661032.99218751,5,-0.0016410408322250492,Trend,0.019631655956718896
2023-04-19 00:00:00+09:00,102073308.43551564,56302132.603484385,45771175.83203126,5,0.0010802218546304143,Trend,0.020733084355156528
2023-04-20 00:00:00+09:00,101930134.68160939,56302132.603484385,45628002.07812501,5,-0.0014026561507674007,Trend,0.019301346816093856
2023-04-21 00:00:00+09:00,101471302.82223439,56302132.603484385,45169170.21875001,5,-0.00450143483875709,Trend,0.014713028222343993
2023-04-24 00:00:00+09:00,101643973.12692189,56302132.603484385,45341840.52343751,5,0.0017016663813806954,Trend,0.016439731269218827
2023-04-25 00:00:00+09:00,100995020.45114064,56302132.603484385,44692887.84765626,5,-0.006384566205129616,Trend,0.00995020451140638
2023-04-26 00:00:00+09:00,100948096.93551564,56302132.603484385,44645964.33203126,5,-0.0004646121701386008,Trend,0.009480969355156521
2023-04-27 00:00:00+09:00,100638933.71285939,56302132.603484385,44336801.10937501,5,-0.0030625958491693472,Trend,0.006389337128593908
2023-04-28 00:00:00+09:00,101138846.45504689,56302132.603484385,44836713.85156251,5,0.004967389098277097,Trend,0.011388464550468935
2023-05-02 00:00:00+09:00,100740507.77145314,56302132.603484385,44438375.16796876,5,-0.003938532992570742,Trend,0.007405077714531361
2023-05-03 00:00:00+09:00,100472834.08785939,56302132.603484385,44170701.48437501,5,-0.0026570610920585436,Trend,0.004728340878593862
2023-05-04 00:00:00+09:00,100980962.03317189,56302132.603484385,44678829.42968751,5,0.005057366500363258,Trend,0.009809620331718838
2023-05-08 00:00:00+09:00,101028526.47067189,56302132.603484385,44726393.86718751,5,0.0004710238102541009,Trend,0.010285264706718866
2023-05-09 00:00:00+09:00,101193900.72848439,56302132.603484385,44891768.12500001,5,0.001636906560846585,Trend,0.011939007284843983
2023-05-10 00:00:00+09:00,100801001.09567189,56302132.603484385,44498868.49218751,5,-0.0038826414436449186,Trend,0.008010010956718938
2023-05-11 00:00:00+09:00,100903092.73629689,56302132.603484385,44600960.13281251,5,0.001012803836423215,Trend,0.009030927362968955
2023-05-12 00:00:00+09:00,100590377.76364064,56302132.603484385,44288245.16015626,5,-0.003099161424848562,Trend,0.005903777636406371
2023-05-15 00:00:00+09:00,101050885.73629689,56302132.603484385,44748753.13281251,5,0.004578051925983484,Trend,0.010508857362969026
2023-05-16 00:00:00+09:00,101194541.88082814,56302132.603484385,44892409.27734376,5,0.001421621824336361,Trend,0.011945418808281483
2023-05-17 00:00:00+09:00,100972000.19707814,46489376.26348439,54482623.93359375,6,-0.0021991471043179,MeanReversion,0.009720001970781489
2023-05-18 00:00:00+09:00,101213956.79473439,46489376.26348439,54724580.53125,6,0.002396274186744707,MeanReversion,0.012139567947343943
2023-05-19 00:00:00+09:00,101734590.45098439,46489376.26348439,55245214.1875,6,0.005143891936819189,MeanReversion,0.017345904509843857
2023-05-22 00:00:00+09:00,102547607.76288283,52597924.06366408,49949683.69921875,5,0.007991552413926906,MeanReversion,0.02547607762882831
2023-05-23 00:00:00+09:00,102704191.00897658,52597924.06366408,50106266.9453125,5,0.001526932217237098,MeanReversion,0.027041910089765864
2023-05-24 00:00:00+09:00,102577110.32928908,52597924.06366408,49979186.265625,5,-0.0012373465818584783,MeanReversion,0.025771103292890896
2023-05-25 00:00:00+09:00,101963372.43475783,52597924.06366408,49365448.37109375,5,-0.005983185649908185,MeanReversion,0.019633724347578374
2023-05-26 00:00:00+09:00,101994929.89569533,52597924.06366408,49397005.83203125,5,0.0003094980107458678,MeanReversion,0.019949298956953188
2023-05-30 00:00:00+09:00,102191645.61225784,51933255.10835158,50258390.50390626,5,0.0019286813252745727,MeanReversion,0.02191645612257842
2023-05-31 00:00:00+09:00,101963081.16303909,51933255.10835158,50029826.05468751,5,-0.0022366255856763884,MeanReversion,0.019630811630390932
2023-06-01 00:00:00+09:00,101963926.68257034,51933255.10835158,50030671.57421876,5,8.292408601340284e-06,MeanReversion,0.019639266825703272
2023-06-02 00:00:00+09:00,102263458.84663284,51933255.10835158,50330203.73828126,5,0.0029376287654652167,MeanReversion,0.022634588466328376
2023-06-05 00:00:00+09:00,102723210.93647659,51933255.10835158,50789955.82812501,5,0.0044957611939691056,MeanReversion,0.027232109364765833
2023-06-07 00:00:00+09:00,102944095.60444534,51933255.10835158,51010840.49609376,5,0.0021502897539422694,MeanReversion,0.029440956044453293
2023-06-08 00:00:00+09:00,103132200.38569534,51933255.10835158,51198945.27734376,5,0.001827251773358407,MeanReversion,0.03132200385695327
2023-06-09 00:00:00+09:00,104524271.25616407,63678283.99835158,40845987.25781249,4,0.013497926595793075,MeanReversion,0.04524271256164081
2023-06-12 00:00:00+09:00,103999371.70538282,63678283.99835158,40321087.70703124,4,-0.00502179584199014,MeanReversion,0.03999371705382826
2023-06-13 00:00:00+09:00,103887533.57257032,63678283.99835158,40209249.57421874,4,-0.0010753731583045267,MeanReversion,0.03887533572570323
2023-06-14 00:00:00+09:00,103768649.03741407,63678283.99835158,40090365.03906249,4,-0.0011443580482465299,MeanReversion,0.037686490374140735
2023-06-15 00:00:00+09:00,103546783.93585157,63678283.99835158,39868499.93749999,4,-0.0021380744918679806,MeanReversion,0.03546783935851572
2023-06-16 00:00:00+09:00,103582760.58428907,63678283.99835158,39904476.58593749,4,0.0003474434170720464,MeanReversion,0.0358276058428908
2023-06-19 00:00:00+09:00,103422821.22100782,63678283.99835158,39744537.22265624,4,-0.0015440731872665703,MeanReversion,0.034228212210078324
2023-06-20 00:00:00+09:00,103296445.52569532,63678283.99835158,39618161.52734374,4,-0.0012219323919083758,MeanReversion,0.03296445525695324
2023-06-21 00:00:00+09:00,102695873.39288282,63678283.99835158,39017589.39453124,4,-0.005814063879507891,MeanReversion,0.026958733928828194
2023-06-22 00:00:00+09:00,102865944.31475782,63678283.99835158,39187660.31640624,4,0.0016560638344673695,MeanReversion,0.02865944314757818
2023-06-23 00:00:00+09:00,102518354.97491407,63678283.99835158,38840070.97656249,4,-0.0033790516595090248,MeanReversion,0.025183549749140832
2023-06-26 00:00:00+09:00,103007515.22491407,63678283.99835158,39329231.22656249,4,0.004771440686106354,MeanReversion,0.030075152249140702
2023-06-27 00:00:00+09:00,102780881.82257032,63678283.99835158,39102597.82421874,4,-0.0022001637632836912,MeanReversion,0.027808818225703247
2023-06-28 00:00:00+09:00,102589579.47100782,63678283.99835158,38911295.47265624,4,-0.0018612639643698081,MeanReversion,0.02589579471007819
2023-06-29 00:00:00+09:00,102633872.23272657,63678283.99835158,38955588.23437499,4,0.0004317471808261697,MeanReversion,0.02633872232726575
2023-06-30 00:00:00+09:00,102553933.92413282,63678283.99835158,38875649.92578124,4,-0.0007788686800443978,MeanReversion,0.02553933924132834
2023-07-03 00:00:00+09:00,102725577.04522657,63678283.99835158,39047293.04687499,4,0.0016736863670263613,MeanReversion,0.027255770452265793
2023-07-04 00:00:00+09:00,102794998.52178907,63678283.99835158,39116714.52343749,4,0.0006757954402332178,MeanReversion,0.027949985217890827
2023-07-05 00:00:00+09:00,102728367.31603909,62999197.53869533,39729169.77734376,4,-0.0006481950163739203,MeanReversion,0.02728367316039093
2023-07-06 00:00:00+09:00,102341571.84338284,62999197.53869533,39342374.30468751,4,-0.003765225543459594,MeanReversion,0.023415718433828392
2023-07-07 00:00:00+09:00,101287023.71057034,62999197.53869533,38287826.17187501,4,-0.010304201057477536,MeanReversion,0.012870237105703453
2023-07-10 00:00:00+09:00,100887950.36350784,59634410.66819534,41253539.6953125,4,-0.003940024422110167,MeanReversion,0.00887950363507839
2023-07-11 00:00:00+09:00,101873874.58225784,59634410.66819534,42239463.9140625,4,0.009772467526574014,MeanReversion,0.018738745822578284
2023-07-12 00:00:00+09:00,102390846.39085159,59634410.66819534,42756435.72265625,4,0.0050746259599296906,MeanReversion,0.023908463908515865
2023-07-13 00:00:00+09:00,102924140.75413284,59634410.66819534,43289730.0859375,4,0.0052084183506553305,MeanReversion,0.029241407541328313
2023-07-14 00:00:00+09:00,103298374.74241409,59634410.66819534,43663964.07421875,4,0.0036360176100496133,MeanReversion,0.032983747424140786
2023-07-17 00:00:00+09:00,103100176.66038284,59634410.66819534,43465765.9921875,4,-0.001918695066843834,MeanReversion,0.031001766603828473
2023-07-18 00:00:00+09:00,102667394.67991409,59634410.66819534,43032984.01171875,4,-0.0041976841794787445,MeanReversion,0.026673946799140813
2023-07-19 00:00:00+09:00,102913297.98460159,59634410.66819534,43278887.31640625,4,0.0023951450745793856,MeanReversion,0.029132979846015816
2023-07-20 00:00:00+09:00,102503325.21897659,59634410.66819534,42868914.55078125,4,-0.003983671436575076,MeanReversion,0.02503325218976582
2023-07-21 00:00:00+09:00,102855925.02757034,59634410.66819534,43221514.359375,4,0.0034398865387097466,MeanReversion,0.028559250275703274
2023-07-24 00:00:00+09:00,102494819.82444534,59634410.66819534,42860409.15625,4,-0.003510786598129423,MeanReversion,0.024948198244453268
2023-07-25 00:00:00+09:00,102131686.84007034,59634410.66819534,42497276.171875,4,-0.0035429398773223486,MeanReversion,0.02131686840070346
2023-07-26 00:00:00+09:00,101954607.47288284,59634410.66819534,42320196.8046875,4,-0.001733833765663606,MeanReversion,0.0195460747288283
2023-07-27 00:00:00+09:00,105117206.25803909,59634410.66819534,45482795.58984375,4,0.031019674966601407,MeanReversion,0.051172062580390865
2023-07-28 00:00:00+09:00,104660503.28147659,59634410.66819534,45026092.61328125,4,-0.004344702383370036,MeanReversion,0.0466050328147658
2023-07-31 00:00:00+09:00,104034194.84000784,34416231.19938284,69617963.640625,5,-0.005984190996906835,MeanReversion,0.04034194840007843
2023-08-01 00:00:00+09:00,106209751.02360159,34416231.19938284,71793519.82421875,5,0.020911933686222017,MeanReversion,0.06209751023601595
2023-08-02 00:00:00+09:00,105320768.56182815,40574714.75714065,64746053.8046875,4,-0.008370064454589432,MeanReversion,0.053207685618281486
2023-08-03 00:00:00+09:00,105073583.1516719,40574714.75714065,64498868.39453125,4,-0.002346976892892094,MeanReversion,0.05073583151671901
2023-08-04 00:00:00+09:00,104808278.2063594,40574714.75714065,64233563.44921875,4,-0.002524944304312271,MeanReversion,0.048082782063594065
2023-08-07 00:00:00+09:00,105876912.32745315,40574714.75714065,65302197.5703125,4,0.010196085074403172,MeanReversion,0.05876912327453154
2023-08-08 00:00:00+09:00,104450700.8704219,40574714.75714065,63875986.11328125,4,-0.01347046703270216,MeanReversion,0.044507008704218975
2023-08-09 00:00:00+09:00,105266396.28839065,40574714.75714065,64691681.53125,4,0.007809381949295702,MeanReversion,0.05266396288390651
2023-08-10 00:00:00+09:00,105053288.48370315,40574714.75714065,64478573.7265625,4,-0.0020244618624889466,MeanReversion,0.050532884837031444
2023-08-11 00:00:00+09:00,104642823.3313594,40574714.75714065,64068108.57421875,4,-0.003907208981919874,MeanReversion,0.046428233313593914
2023-08-14 00:00:00+09:00,104289239.9329219,40574714.75714065,63714525.17578125,4,-0.0033789550700276116,MeanReversion,0.042892399329218955
2023-08-16 00:00:00+09:00,103949990.32745315,40574714.75714065,63375275.5703125,4,-0.0032529684336269904,MeanReversion,0.03949990327453157
2023-08-17 00:00:00+09:00,103219280.79620315,40574714.75714065,62644566.0390625,4,-0.00702943337414641,MeanReversion,0.0321928079620315
2023-08-18 00:00:00+09:00,102545368.2922969,40574714.75714065,61970653.53515625,4,-0.006528940123471938,MeanReversion,0.025453682922969012
2023-08-21 00:00:00+09:00,103002006.41339065,40574714.75714065,62427291.65625,4,0.004453035068264999,MeanReversion,0.030020064133906565
2023-08-22 00:00:00+09:00,103611993.3938594,40574714.75714065,63037278.63671875,4,0.005922088333120579,MeanReversion,0.03611993393859403
2023-08-23 00:00:00+09:00,102806410.3860469,40574714.75714065,62231695.62890625,4,-0.007774997675705775,MeanReversion,0.02806410386046898
2023-08-24 00:00:00+09:00,104518800.90557815,40574714.75714065,63944086.1484375,4,0.016656456665504304,MeanReversion,0.045188009055781464
2023-08-25 00:00:00+09:00,102112218.69464065,40574714.75714065,61537503.9375,4,-0.02302535228194591,MeanReversion,0.02112218694640644
2023-08-28 00:00:00+09:00,102143728.74151565,40574714.75714065,61569013.984375,4,0.0003085825308450918,MeanReversion,0.021437287415156492
2023-08-29 00:00:00+09:00,102767210.67120315,40574714.75714065,62192495.9140625,4,0.006103966806080496,MeanReversion,0.027672106712031574
2023-08-30 00:00:00+09:00,102782148.4641719,40574714.75714065,62207433.70703125,4,0.00014535563309725497,MeanReversion,0.027821484641719074
2023-08-31 00:00:00+09:00,102030106.8313594,40574714.75714065,61455392.07421875,4,-0.007316850679324416,MeanReversion,0.020301068313594017
2023-09-01 00:00:00+09:00,102416098.9172969,40574714.75714065,61841384.16015625,4,0.0037831194921269518,MeanReversion,0.02416098917296905
2023-09-04 00:00:00+09:00,102246272.02276565,40574714.75714065,61671557.265625,4,-0.0016582050705562512,MeanReversion,0.022462720227656607
2023-09-05 00:00:00+09:00,102222298.66339065,40574714.75714065,61647583.90625,4,-0.00023446683092431808,MeanReversion,0.02222298663390654
2023-09-06 00:00:00+09:00,102145015.01495315,40574714.75714065,61570300.2578125,4,-0.0007560351258778519,MeanReversion,0.021450150149531444
2023-09-07 00:00:00+09:00,102343335.00714065,40574714.75714065,61768620.25,4,0.0019415533118132267,MeanReversion,0.023433350071406567
2023-09-08 00:00:00+09:00,102152529.8626094,40574714.75714065,61577815.10546875,4,-0.0018643631704784447,MeanReversion,0.02152529862609409
2023-09-11 00:00:00+09:00,102241255.75123832,46501571.45436331,55739684.29687501,3,0.0008685628123772382,Trend,0.022412557512383247
2023-09-12 00:00:00+09:00,102748786.53248832,46501571.45436331,56247215.07812501,3,0.004964050739799886,Trend,0.02748786532488312
2023-09-13 00:00:00+09:00,103080877.52467582,46501571.45436331,56579306.07031251,3,0.0032320672914467607,Trend,0.03080877524675807
2023-09-14 00:00:00+09:00,103824754.36061332,46501571.45436331,57323182.90625001,3,0.0072164387207456215,Trend,0.03824754360613314
2023-09-15 00:00:00+09:00,104309425.68092582,46501571.45436331,57807854.22656251,3,0.004668167271834722,Trend,0.04309425680925827
2023-09-18 00:00:00+09:00,103206098.94655082,46501571.45436331,56704527.49218751,3,-0.010577440410322936,Trend,0.03206098946550817
2023-09-19 00:00:00+09:00,102837196.18092582,46501571.45436331,56335624.72656251,3,-0.0035744279591077843,Trend,0.02837196180925816
2023-09-20 00:00:00+09:00,102280489.62623832,46501571.45436331,55778918.17187501,3,-0.005413474650826422,Trend,0.022804896262383245
2023-09-21 00:00:00+09:00,101076102.12233207,46501571.45436331,54574530.66796876,3,-0.011775339640115345,Trend,0.010761021223320677
2023-09-22 00:00:00+09:00,100625376.05592582,46501571.45436331,54123804.60156251,3,-0.004459274318480699,Trend,0.006253760559258081
2023-09-25 00:00:00+09:00,100264683.00123832,46501571.45436331,53763111.54687501,3,-0.0035845138555014033,Trend,0.0026468300123831945
2023-09-26 00:00:00+09:00,99163796.73170707,46501571.45436331,52662225.27734376,3,-0.010979801028420444,Trend,-0.008362032682929343
2023-09-27 00:00:00+09:00,99212262.73870707,41431971.61761331,57780291.12109376,4,0.0004887469882897122,MeanReversion,-0.007877372612929312
2023-10-04 00:00:00+09:00,97907400.86872268,62567018.548410185,35340382.32031249,3,-0.01315222366635238,MeanReversion,-0.020925991312773173
2023-10-05 00:00:00+09:00,98698979.25153518,62567018.548410185,36131960.70312499,3,0.008084969836691602,MeanReversion,-0.013010207484648206
2023-10-06 00:00:00+09:00,98743551.88044143,62567018.548410185,36176533.33203124,3,0.0004516017211551038,MeanReversion,-0.01256448119558573
2023-10-10 00:00:00+09:00,98676904.24372268,62567018.548410185,36109885.69531249,3,-0.0006749568498350955,MeanReversion,-0.01323095756277326
2023-10-11 00:00:00+09:00,99049519.98981643,62567018.548410185,36482501.44140624,3,0.0037761191329372945,MeanReversion,-0.009504800101835742
2023-10-12 00:00:00+09:00,99073362.66766019,32421121.56609769,66652241.1015625,5,0.00024071472376863134,MeanReversion,-0.00926637332339808
2023-10-13 00:00:00+09:00,98324656.40203519,32421121.56609769,65903534.8359375,5,-0.0075570894685034196,MeanReversion,-0.016753435979648068
2023-10-16 00:00:00+09:00,97785630.96453519,32421121.56609769,65364509.3984375,5,-0.005482098358889798,MeanReversion,-0.022143690354648138
2023-10-17 00:00:00+09:00,98048218.1907852,27451068.331410192,70597149.859375,6,0.002685335500317354,MeanReversion,-0.01951781809214803
2023-10-18 00:00:00+09:00,97426282.7298477,27451068.331410192,69975214.3984375,6,-0.006343159237502061,MeanReversion,-0.02573717270152298
2023-10-19 00:00:00+09:00,96468869.3470352,27451068.331410192,69017801.015625,6,-0.009827054425008752,MeanReversion,-0.03531130652964798
2023-10-20 00:00:00+09:00,95582772.1322227,26340656.624410193,69242115.5078125,6,-0.009185317717624208,MeanReversion,-0.04417227867777307
2023-10-23 00:00:00+09:00,95119010.67519145,26340656.624410193,68778354.05078125,6,-0.004851935622767978,MeanReversion,-0.04880989324808549
2023-10-24 00:00:00+09:00,97583260.19081645,26340656.624410193,71242603.56640625,6,0.025907013730828377,MeanReversion,-0.024167398091835546
2023-10-25 00:00:00+09:00,97176066.1087852,26340656.624410193,70835409.484375,6,-0.0041727862056977205,MeanReversion,-0.028239338912148026
2023-10-26 00:00:00+09:00,95799509.8978477,26340656.624410193,69458853.2734375,6,-0.014165588977397947,MeanReversion,-0.04200490102152299
2023-10-27 00:00:00+09:00,95952367.7337852,26340656.624410193,69611711.109375,6,0.0015956014399289842,MeanReversion,-0.04047632266214807
2023-10-30 00:00:00+09:00,95929916.9759727,26340656.624410193,69589260.3515625,6,-0.00023397815335612915,MeanReversion,-0.040700830240273045
2023-10-31 00:00:00+09:00,95224839.4290977,26340656.624410193,68884182.8046875,6,-0.007349923455595153,MeanReversion,-0.04775160570902304
2023-11-01 00:00:00+09:00,95326494.04237895,26340656.624410193,68985837.41796875,6,0.0010675220235676353,MeanReversion,-0.04673505957621049
2023-11-02 00:00:00+09:00,96528204.0853477,26340656.624410193,70187547.4609375,6,0.01260625448403152,MeanReversion,-0.03471795914652298
2023-11-03 00:00:00+09:00,97865989.1244102,26340656.624410193,71525332.5,6,0.013859006823328635,MeanReversion,-0.02134010875589798
2023-11-06 00:00:00+09:00,100835703.2025352,26340656.624410193,74495046.578125,6,0.030344699978966272,MeanReversion,0.008357032025351874
2023-11-07 00:00:00+09:00,99465506.02206644,36095247.764253944,63370258.2578125,5,-0.0135884130020556,MeanReversion,-0.005344939779335589
2023-11-08 00:00:00+09:00,98849665.59237894,36095247.764253944,62754417.828125,5,-0.006191497478039043,MeanReversion,-0.011503344076210564
2023-11-09 00:00:00+09:00,98622795.07675394,36095247.764253944,62527547.3125,5,-0.0022951065566628737,MeanReversion,-0.01377204923246056
2023-11-10 00:00:00+09:00,98051878.14706644,36095247.764253944,61956630.3828125,5,-0.005788894233256903,MeanReversion,-0.019481218529335598
2023-11-13 00:00:00+09:00,97555769.15487894,36095247.764253944,61460521.390625,5,-0.005059658229528141,MeanReversion,-0.024442308451210537
2023-11-14 00:00:00+09:00,98567515.54550394,36095247.764253944,62472267.78125,5,0.01037095396192056,MeanReversion,-0.014324844544960524
2023-11-15 00:00:00+09:00,100268763.41269144,36095247.764253944,64173515.6484375,5,0.017259721499240932,MeanReversion,0.0026876341269144177
2023-11-16 00:00:00+09:00,99915700.67831644,36095247.764253944,63820452.9140625,5,-0.003521163743905431,MeanReversion,-0.0008429932168355636
2023-11-17 00:00:00+09:00,99415080.84237894,36095247.764253944,63319833.078125,5,-0.005010422111228263,MeanReversion,-0.005849191576210555
2023-11-20 00:00:00+09:00,99595078.04550394,36095247.764253944,63499830.28125,5,0.0018105623573387852,MeanReversion,-0.004049219544960514
2023-11-21 00:00:00+09:00,99964283.45175394,36095247.764253944,63869035.6875,5,0.003707064781668379,MeanReversion,-0.0003571654824605641
2023-11-22 00:00:00+09:00,100372192.16269144,36095247.764253944,64276944.3984375,5,0.004080544539033948,MeanReversion,0.003721921626914426
2023-11-23 00:00:00+09:00,100168396.87362894,36095247.764253944,64073149.109375,5,-0.0020303959161535046,MeanReversion,0.0016839687362895095
2023-11-24 00:00:00+09:00,99721402.53769144,36095247.764253944,63626154.7734375,5,-0.0044624287688403985,MeanReversion,-0.0027859746230856075
2023-11-27 00:00:00+09:00,99788661.07675394,36095247.764253944,63693413.3125,5,0.0006744644314151671,MeanReversion,-0.0021133892324605164
2023-11-28 00:00:00+09:00,100950323.70175394,36095247.764253944,64855075.9375,5,0.011641228697381711,MeanReversion,0.009503237017539412
2023-11-29 00:00:00+09:00,101013226.94394144,36095247.764253944,64917979.1796875,5,0.0006231108517624762,MeanReversion,0.010132269439414365
2023-11-30 00:00:00+09:00,101161671.61581644,36095247.764253944,65066423.8515625,5,0.0014695567735636406,MeanReversion,0.011616716158164397
2023-12-01 00:00:00+09:00,100317654.60019144,36095247.764253944,64222406.8359375,5,-0.008343249000771102,MeanReversion,0.0031765460019144154
2023-12-04 00:00:00+09:00,101081425.63925394,36095247.764253944,64986177.875,5,0.007613525676078092,MeanReversion,0.010814256392539523
2023-12-05 00:00:00+09:00,101314840.64706644,36095247.764253944,65219592.8828125,5,0.002309178034800574,MeanReversion,0.013148406470664398
2023-12-06 00:00:00+09:00,100826652.36581644,36095247.764253944,64731404.6015625,5,-0.004818526862719108,MeanReversion,0.008266523658164493
2023-12-07 00:00:00+09:00,100728629.49081644,36095247.764253944,64633381.7265625,5,-0.0009721921009968604,MeanReversion,0.007286294908164459
2023-12-08 00:00:00+09:00,101692531.99862894,36095247.764253944,65597284.234375,5,0.009569300333827968,MeanReversion,0.016925319986289544
2023-12-11 00:00:00+09:00,101366703.62081644,26288864.144253947,75077839.4765625,6,-0.003204054136609513,MeanReversion,0.01366703620816434
2023-12-12 00:00:00+09:00,101298550.53487894,26288864.144253947,75009686.390625,6,-0.000672341937767218,MeanReversion,0.012985505348789284
2023-12-13 00:00:00+09:00,100748171.51144144,26288864.144253947,74459307.3671875,6,-0.00543323690745201,MeanReversion,0.007481715114414422
2023-12-14 00:00:00+09:00,102380270.26144144,26288864.144253947,76091406.1171875,6,0.016199785321311166,MeanReversion,0.023802702614414306
2023-12-15 00:00:00+09:00,103359069.47237894,26288864.144253947,77070205.328125,6,0.00956042808285229,MeanReversion,0.033590694723789394
2023-12-18 00:00:00+09:00,102803009.51925394,26288864.144253947,76514145.375,6,-0.005379885441727961,MeanReversion,0.028030095192539406
2023-12-19 00:00:00+09:00,102784542.50362894,26288864.144253947,76495678.359375,6,-0.0001796349709153322,MeanReversion,0.027845425036289395
2023-12-20 00:00:00+09:00,103415966.22237894,26288864.144253947,77127102.078125,6,0.006143177790840504,MeanReversion,0.03415966222378941
2023-12-21 00:00:00+09:00,102223645.08175394,26288864.144253947,75934780.9375,6,-0.011529371954627443,MeanReversion,0.022236450817539444
2023-12-22 00:00:00+09:00,102278691.37081644,26288864.144253947,75989827.2265625,6,0.0005384888106707564,MeanReversion,0.022786913708164436
2023-12-26 00:00:00+09:00,102365719.20675394,26288864.144253947,76076855.0625,6,0.0008508892201404272,MeanReversion,0.023657192067539468
2023-12-27 00:00:00+09:00,104130619.51187113,32370808.058746133,71759811.453125,5,0.017241126412178343,MeanReversion,0.04130619511871125
2023-12-28 00:00:00+09:00,105582171.87124613,32370808.058746133,73211363.8125,5,0.013939726529808238,MeanReversion,0.05582171871246122
2024-01-02 00:00:00+09:00,106805065.73062113,32370808.058746133,74434257.671875,5,0.011582389694221096,MeanReversion,0.06805065730621118
2024-01-03 00:00:00+09:00,105429478.77749613,32370808.058746133,73058670.71875,5,-0.01287941675532922,MeanReversion,0.05429478777496133
2024-01-04 00:00:00+09:00,104888050.04312113,32370808.058746133,72517241.984375,5,-0.005135458703325879,MeanReversion,0.04888050043121139
2024-01-05 00:00:00+09:00,104160263.24624613,32370808.058746133,71789455.1875,5,-0.006938700801242814,MeanReversion,0.04160263246246121
2024-01-08 00:00:00+09:00,104581240.35562113,32370808.058746133,72210432.296875,5,0.004041628700378386,MeanReversion,0.0458124035562113
2024-01-09 00:00:00+09:00,104984247.88687113,32370808.058746133,72613439.828125,5,0.003853535585154777,MeanReversion,0.04984247886871129
2024-01-10 00:00:00+09:00,104676665.16812113,32370808.058746133,72305857.109375,5,-0.0029297987549660176,MeanReversion,0.0467666516812113
2024-01-11 00:00:00+09:00,104797836.99649614,62600554.18399613,42197282.81250001,4,0.0011575820473492815,MeanReversion,0.04797836996496141
2024-01-12 00:00:00+09:00,104468759.49649614,62600554.18399613,41868205.31250001,4,-0.003140117290884592,MeanReversion,0.04468759496496144
2024-01-15 00:00:00+09:00,105220748.24649614,62600554.18399613,42620194.06250001,4,0.007198216515868827,MeanReversion,0.05220748246496143
2024-01-16 00:00:00+09:00,105145173.12149614,62600554.18399613,42544618.93750001,4,-0.0007182530656687502,MeanReversion,0.05145173121496138
2024-01-17 00:00:00+09:00,104115991.77774614,62600554.18399613,41515437.59375001,4,-0.00978819391510033,MeanReversion,0.04115991777746131
2024-01-18 00:00:00+09:00,104052616.55899614,62600554.18399613,41452062.37500001,4,-0.0006086982188604484,MeanReversion,0.04052616558996136
2024-01-19 00:00:00+09:00,104851152.37149614,62600554.18399613,42250598.18750001,4,0.007674346296205226,MeanReversion,0.04851152371496137
2024-01-22 00:00:00+09:00,105264523.51727739,66668795.39227738,38595728.12500001,3,0.003942456867966904,Trend,0.052645235172773974
2024-01-23 00:00:00+09:00,105566392.11102739,66668795.39227738,38897596.71875001,3,0.0028677144365780727,Trend,0.05566392111027385
2024-01-24 00:00:00+09:00,105145057.73602739,66668795.39227738,38476262.34375001,3,-0.003991179072946549,Trend,0.05145057736027381
2024-01-25 00:00:00+09:00,105156475.54852739,66668795.39227738,38487680.15625001,3,0.00010859105264526825,Trend,0.05156475548527384
2024-01-26 00:00:00+09:00,104939926.95477739,66668795.39227738,38271131.56250001,3,-0.0020592987033886123,Trend,0.04939926954777385
2024-01-29 00:00:00+09:00,106083250.23602739,66668795.39227738,39414454.84375001,3,0.010895026463499491,Trend,0.06083250236027382
2024-01-30 00:00:00+09:00,106460171.01727739,66668795.39227738,39791375.62500001,3,0.0035530659214473292,Trend,0.06460171017277383
2024-01-31 00:00:00+09:00,107362686.95477739,66668795.39227738,40693891.56250001,3,0.008477498475495837,Trend,0.07362686954777398
2024-02-01 00:00:00+09:00,107339170.07977739,66668795.39227738,40670374.68750001,3,-0.00021904141622219875,Trend,0.0733917007977738
2024-02-02 00:00:00+09:00,109055708.65977739,98959708.65977739,10096000.0,1,0.015991725841780102,Trend,0.09055708659777384
2024-02-05 00:00:00+09:00,108658178.65977739,98959708.65977739,9698470.0,1,-0.00364520119932632,Trend,0.08658178659777382
2024-02-06 00:00:00+09:00,108626628.65977739,98959708.65977739,9666920.0,1,-0.0002903601034837111,Trend,0.08626628659777391
2024-02-07 00:00:00+09:00,108576148.65977739,98959708.65977739,9616440.0,1,-0.0004647110991367054,Trend,0.08576148659777383
2024-02-08 00:00:00+09:00,108815928.65977739,98959708.65977739,9856220.0,1,0.002208403990745289,Trend,0.08815928659777383
2024-02-13 00:00:00+09:00,108815928.65977739,98959708.65977739,9856220.0,1,0.0,Trend,0.08815928659777383
2024-02-14 00:00:00+09:00,108651868.65977739,98959708.65977739,9692160.0,1,-0.0015076836821652506,Trend,0.08651868659777384
2024-02-15 00:00:00+09:00,108664488.65977739,98959708.65977739,9704780.0,1,0.0001161507865043987,Trend,0.08664488659777381
2024-02-16 00:00:00+09:00,108658178.65977739,98959708.65977739,9698470.0,1,-5.806864853297178e-05,Trend,0.08658178659777382
2024-02-19 00:00:00+09:00,108822238.65977739,98959708.65977739,9862530.0,1,0.0015098725381150757,Trend,0.08822238659777382
2024-02-20 00:00:00+09:00,108765448.65977739,98959708.65977739,9805740.0,1,-0.0005218602438197273,Trend,0.08765448659777397
2024-02-21 00:00:00+09:00,109036778.65977739,98959708.65977739,10077070.0,1,0.002494634126400941,Trend,0.09036778659777389
2024-02-22 00:00:00+09:00,109245008.65977739,98959708.65977739,10285300.0,1,0.0019097225959849862,Trend,0.09245008659777398
2024-02-23 00:00:00+09:00,109276558.65977739,98959708.65977739,10316850.0,1,0.00028880037987133456,Trend,0.0927655865977739
2024-02-26 00:00:00+09:00,109137738.65977739,98959708.65977739,10178030.0,1,-0.0012703547924876046,Trend,0.09137738659777384
2024-02-27 00:00:00+09:00,109030468.65977739,98959708.65977739,10070760.0,1,-0.0009828864086546263,Trend,0.09030468659777391
2024-02-28 00:00:00+09:00,109144048.65977739,98959708.65977739,10184340.0,1,0.0010417271556855123,Trend,0.09144048659777382
2024-02-29 00:00:00+09:00,109207148.65977739,98959708.65977739,10247440.0,1,0.0005781350497331417,Trend,0.09207148659777387
2024-03-04 00:00:00+09:00,108910578.65977739,98959708.65977739,9950870.0,1,-0.002715664712792165,Trend,0.0891057865977738
2024-03-05 00:00:00+09:00,108705153.56946489,94042348.41321489,14662805.15625,2,-0.0018861812400631228,MeanReversion,0.08705153569464885
2024-03-06 00:00:00+09:00,108846953.25696489,94042348.41321489,14804604.84375,2,0.0013044430999251677,MeanReversion,0.08846953256964896
2024-03-07 00:00:00+09:00,108737711.28821489,94042348.41321489,14695362.875,2,-0.0010036290909503087,MeanReversion,0.087377112882149
2024-03-08 00:00:00+09:00,108884177.72571489,94042348.41321489,14841829.3125,2,0.0013469700232311421,MeanReversion,0.08884177725714881
2024-03-11 00:00:00+09:00,109547691.97571489,94042348.41321489,15505343.5625,2,0.006093761865671787,MeanReversion,0.095476919757149
2024-03-12 00:00:00+09:00,109747618.10071489,94042348.41321489,15705269.6875,2,0.0018250144881584163,MeanReversion,0.09747618100714894
2024-03-13 00:00:00+09:00,109940927.75696489,94042348.41321489,15898579.34375,2,0.0017614018381026941,MeanReversion,0.0994092775696489
2024-03-14 00:00:00+09:00,110474604.88196489,94042348.41321489,16432256.46875,2,0.0048542170408070184,MeanReversion,0.104746048819649
2024-03-15 00:00:00+09:00,110269376.47571489,94042348.41321489,16227028.0625,2,-0.0018576975809895258,MeanReversion,0.10269376475714886
2024-03-18 00:00:00+09:00,110185023.88196489,94042348.41321489,16142675.46875,2,-0.000764968447686587,MeanReversion,0.10185023881964894
2024-03-19 00:00:00+09:00,110120609.35071489,94042348.41321489,16078260.9375,2,-0.0005846033243047666,MeanReversion,0.10120609350714882
2024-03-20 00:00:00+09:00,110122252.60071489,94042348.41321489,16079904.1875,2,1.4922274855555528e-05,MeanReversion,0.10122252600714887
2024-03-21 00:00:00+09:00,110377961.00696489,94042348.41321489,16335612.59375,2,0.002322041187961865,MeanReversion,0.10377961006964886
2024-03-22 00:00:00+09:00,110342072.97571489,94042348.41321489,16299724.5625,2,-0.00032513765359132307,MeanReversion,0.103420729757149
2024-03-25 00:00:00+09:00,110056107.53821489,94042348.41321489,16013759.125,2,-0.002591626473819608,MeanReversion,0.10056107538214887
2024-03-26 00:00:00+09:00,110167190.04790239,85162128.26665239,25005061.78125,3,0.0010093261716432878,Trend,0.10167190047902386
2024-03-27 00:00:00+09:00,110312534.99390239,80343389.27515239,29969145.71875,4,0.0013193124553398938,Trend,0.10312534993902389
2024-03-28 00:00:00+09:00,110391084.18140239,80343389.27515239,30047694.90625,4,0.0007120603973460593,Trend,0.10391084181402377
2024-03-29 00:00:00+09:00,110399995.68140239,80343389.27515239,30056606.40625,4,8.072662811575704e-05,Trend,0.10399995681402374
2024-04-01 00:00:00+09:00,110674116.24390239,80343389.27515239,30330726.96875,4,0.00248297620672977,Trend,0.10674116243902376
2024-04-02 00:00:00+09:00,110823256.36890239,80343389.27515239,30479867.09375,4,0.0013475610202418054,Trend,0.10823256368902379
2024-04-03 00:00:00+09:00,110486713.80640239,80343389.27515239,30143324.53125,4,-0.003036750349400763,Trend,0.10486713806402381
2024-04-04 00:00:00+09:00,110707503.46265239,80343389.27515239,30364114.1875,4,0.001998336710754778,Trend,0.1070750346265239
2024-04-05 00:00:00+09:00,110706947.30640239,80343389.27515239,30363558.03125,4,-5.023654518487852e-06,Trend,0.10706947306402381
2024-04-08 00:00:00+09:00,110553267.99390239,80343389.27515239,30209878.71875,4,-0.0013881632204586491,Trend,0.10553267993902393
2024-04-09 00:00:00+09:00,110049206.99390239,80343389.27515239,29705817.71875,4,-0.004559440070354137,Trend,0.10049206993902393
2024-04-11 00:00:00+09:00,109274641.65015239,80343389.27515239,28931252.375,4,-0.007038354613431386,Trend,0.09274641650152393
2024-04-12 00:00:00+09:00,109621481.05640239,80343389.27515239,29278091.78125,4,0.003174015499043392,Trend,0.09621481056402392
2024-04-15 00:00:00+09:00,109266330.58765239,80343389.27515239,28922941.3125,4,-0.003239789002369653,Trend,0.09266330587652383
2024-04-16 00:00:00+09:00,108683118.14946489,86256087.61821489,22427030.53125,3,-0.005337531104512072,Trend,0.08683118149464897
2024-04-17 00:00:00+09:00,108263919.24121489,90436654.67871489,17827264.5625,2,-0.0038570747268541483,Trend,0.08263919241214879
2024-04-18 00:00:00+09:00,108707896.55371489,90436654.67871489,18271241.875,2,0.004100879735480456,Trend,0.08707896553714889
2024-04-19 00:00:00+09:00,108352538.77246489,90436654.67871489,17915884.09375,2,-0.003268923348860975,Trend,0.0835253877246489
2024-04-22 00:00:00+09:00,108841642.70996489,90436654.67871489,18404988.03125,2,0.004514005329649962,Trend,0.08841642709964881
2024-04-23 00:00:00+09:00,108654898.64746489,90436654.67871489,18218243.96875,2,-0.0017157409411545643,Trend,0.08654898647464893
2024-04-24 00:00:00+09:00,109145443.11621489,90436654.67871489,18708788.4375,2,0.004514701820684586,Trend,0.0914544311621488
2024-04-25 00:00:00+09:00,108945958.30371489,90436654.67871489,18509303.625,2,-0.0018276971241721895,Trend,0.08945958303714896
2024-04-26 00:00:00+09:00,109211378.58496489,90436654.67871489,18774723.90625,2,0.0024362563364679346,Trend,0.0921137858496488
2024-04-29 00:00:00+09:00,109577358.58496489,90436654.67871489,19140703.90625,2,0.0033511160168651077,Trend,0.0957735858496489
2024-04-30 00:00:00+09:00,109672806.42871489,90436654.67871489,19236151.75,2,0.0008710544311578694,Trend,0.09672806428714886
2024-05-02 00:00:00+09:00,109539218.14746489,90436654.67871489,19102563.46875,2,-0.0012180620301426304,Trend,0.09539218147464879
2024-05-03 00:00:00+09:00,109526198.77246489,90436654.67871489,19089544.09375,2,-0.0001188558328257816,Trend,0.09526198772464878
2024-05-07 00:00:00+09:00,110272898.20996489,90436654.67871489,19836243.53125,2,0.006817541792454973,Trend,0.10272898209964887
2024-05-08 00:00:00+09:00,110443268.20996489,90436654.67871489,20006613.53125,2,0.0015449852390350127,Trend,0.10443268209964884
2024-05-09 00:00:00+09:00,110414588.18996489,101534102.15871489,8880486.03125,1,-0.0002596810151024309,Trend,0.1041458818996488
2024-05-10 00:00:00+09:00,110358874.65871489,101534102.15871489,8824772.5,1,-0.0005045848756338733,Trend,0.103588746587149
2024-05-13 00:00:00+09:00,110269737.72121489,101534102.15871489,8735635.5625,1,-0.0008077006745099702,Trend,0.10269737721214889
2024-05-14 00:00:00+09:00,110258593.56496489,101534102.15871489,8724491.40625,1,-0.00010106268936793672,Trend,0.1025859356496488
2024-05-16 00:00:00+09:00,110247451.22121489,101534102.15871489,8713349.0625,1,-0.00010105646543945301,Trend,0.10247451221214887
2024-05-17 00:00:00+09:00,110158310.65871489,101534102.15871489,8624208.5,1,-0.0008085498713357175,Trend,0.10158310658714886
2024-05-20 00:00:00+09:00,110325446.72121489,101534102.15871489,8791344.5625,1,0.0015172351636529857,Trend,0.10325446721214893
2024-05-21 00:00:00+09:00,110269737.72121489,101534102.15871489,8735635.5625,1,-0.0005049515017216955,Trend,0.10269737721214889
2024-05-22 00:00:00+09:00,110191739.50246489,101534102.15871489,8657637.34375,1,-0.0007073402037754972,Trend,0.1019173950246488
2024-05-23 00:00:00+09:00,110258593.56496489,101534102.15871489,8724491.40625,1,0.0006067066624217965,Trend,0.1025859356496488
2024-05-24 00:00:00+09:00,109991175.50246489,101534102.15871489,8457073.34375,1,-0.0024253716091746647,Trend,0.09991175502464889
2024-05-27 00:00:00+09:00,110136027.78371489,101534102.15871489,8601925.625,1,0.0013169445693099746,Trend,0.10136027783714896
2024-05-28 00:00:00+09:00,110180596.25246489,101534102.15871489,8646494.09375,1,0.0004046674793602989,Trend,0.1018059625246488
2024-05-29 00:00:00+09:00,109913178.18996489,101534102.15871489,8379076.03125,1,-0.002427088540047917,Trend,0.09913178189964889
2024-05-30 00:00:00+09:00,109723759.25246489,101534102.15871489,8189657.09375,1,-0.0017233505628654333,Trend,0.09723759252464892
2024-05-31 00:00:00+09:00,109723759.25246489,101534102.15871489,8189657.09375,1,0.0,Trend,0.09723759252464892
2024-06-03 00:00:00+09:00,109968891.72121489,101534102.15871489,8434789.5625,1,0.0022340874065931438,Trend,0.0996889172121489
2024-06-04 00:00:00+09:00,109924322.34621489,101534102.15871489,8390220.1875,1,-0.00040529075361595,Trend,0.09924322346214898
2024-06-05 00:00:00+09:00,110158310.65871489,101534102.15871489,8624208.5,1,0.0021286309299504147,Trend,0.10158310658714886
2024-06-07 00:00:00+09:00,110147170.12746489,101534102.15871489,8613067.96875,1,-0.00010113200886419094,Trend,0.10147170127464888
2024-06-10 00:00:00+09:00,109968891.72121489,101534102.15871489,8434789.5625,1,-0.0016185473130512218,Trend,0.0996889172121489
2024-06-11 00:00:00+09:00,109913178.18996489,101534102.15871489,8379076.03125,1,-0.000506629923953783,Trend,0.09913178189964889
2024-06-12 00:00:00+09:00,110007284.65999615,76110450.73812115,33896833.921875,2,0.0008561891447502745,MeanReversion,0.10007284659996163
2024-06-13 00:00:00+09:00,110467279.69124615,76110450.73812115,34356828.953125,2,0.0041814960952060165,MeanReversion,0.10467279691246145
2024-06-14 00:00:00+09:00,110578703.12874615,76110450.73812115,34468252.390625,2,0.001008655574858297,MeanReversion,0.10578703128746159
2024-06-17 00:00:00+09:00,109839021.94124615,76110450.73812115,33728571.203125,2,-0.006689183057598247,MeanReversion,0.09839021941246151
2024-06-18 00:00:00+09:00,110133914.09749615,76110450.73812115,34023463.359375,2,0.0026847667708451706,MeanReversion,0.10133914097496155
2024-06-19 00:00:00+09:00,110455643.25374615,76110450.73812115,34345192.515625,2,0.0029212541739431774,MeanReversion,0.1045564325374615
2024-06-20 00:00:00+09:00,110394743.94124615,76110450.73812115,34284293.203125,2,-0.0005513463206230362,MeanReversion,0.10394743941246154
2024-06-21 00:00:00+09:00,110276735.58187115,76110450.73812115,34166284.84375,2,-0.0010689671913891585,MeanReversion,0.10276735581871144
2024-06-24 00:00:00+09:00,110539459.81624615,76110450.73812115,34429009.078125,2,0.0023824085197003964,MeanReversion,0.10539459816246155
2024-06-25 00:00:00+09:00,110185069.87874615,76110450.73812115,34074619.140625,2,-0.0032060038839444305,MeanReversion,0.10185069878746145
2024-06-26 00:00:00+09:00,110542119.87874615,76110450.73812115,34431669.140625,2,0.003240457172581701,MeanReversion,0.10542119878746159
2024-06-27 00:00:00+09:00,110164090.87874615,76110450.73812115,34053640.140625,2,-0.003419773389678582,MeanReversion,0.10164090878746146
2024-06-28 00:00:00+09:00,110378901.78499615,76110450.73812115,34268451.046875,2,0.0019499176595252354,MeanReversion,0.10378901784996142
2024-07-01 00:00:00+09:00,109809799.39437115,76110450.73812115,33699348.65625,2,-0.005155898286916649,MeanReversion,0.09809799394371144
2024-07-02 00:00:00+09:00,109357784.80062115,76110450.73812115,33247334.0625,2,-0.0041163411302358455,MeanReversion,0.0935778480062115
2024-07-03 00:00:00+09:00,109342719.08187115,76110450.73812115,33232268.34375,2,-0.0001377653980232374,MeanReversion,0.09342719081871143
2024-07-04 00:00:00+09:00,109656097.61312115,76110450.73812115,33545646.875,2,0.0028660210197932745,MeanReversion,0.09656097613121162
2024-07-05 00:00:00+09:00,111186464.20687115,76110450.73812115,35076013.46875,2,0.013956055587071026,MeanReversion,0.1118646420687115
2024-07-08 00:00:00+09:00,111581650.00374615,76110450.73812115,35471199.265625,2,0.0035542617502408724,MeanReversion,0.11581650003746158
2024-07-09 00:00:00+09:00,111656551.67562115,76110450.73812115,35546100.9375,2,0.0006712723093131867,MeanReversion,0.11656551675621163
2024-07-10 00:00:00+09:00,112681111.39437115,76110450.73812115,36570660.65625,2,0.009175992840317226,MeanReversion,0.12681111394371158
2024-07-11 00:00:00+09:00,112447789.31624615,76110450.73812115,36337338.578125,2,-0.002070640546918301,MeanReversion,0.1244778931624615
2024-07-12 00:00:00+09:00,111884050.00224616,71241450.17412116,40642599.828125,3,-0.0050133427916003725,MeanReversion,0.11884050002246149
2024-07-15 00:00:00+09:00,112223079.70537116,71241450.17412116,40981629.53125,3,0.00303018797691168,MeanReversion,0.12223079705371154
2024-07-16 00:00:00+09:00,111614290.84599616,71241450.17412116,40372840.671875,3,-0.005424809771513162,MeanReversion,0.11614290845996167
2024-07-17 00:00:00+09:00,112169099.72099616,71241450.17412116,40927649.546875,3,0.004970769162216948,MeanReversion,0.12169099720996157
2024-07-18 00:00:00+09:00,112561887.48662116,71241450.17412116,41320437.3125,3,0.0035017466182933887,MeanReversion,0.12561887486621148
2024-07-19 00:00:00+09:00,111755987.45537116,71241450.17412116,40514537.28125,3,-0.00715961724918468,MeanReversion,0.11755987455371164
2024-07-22 00:00:00+09:00,112129802.29912116,71241450.17412116,40888352.125,3,0.0033449200553954395,MeanReversion,0.12129802299121151
2024-07-23 00:00:00+09:00,111835647.11162116,71241450.17412116,40594196.9375,3,-0.002623345279030298,MeanReversion,0.1183564711162115
2024-07-24 00:00:00+09:00,111898160.39599615,66302437.17724615,45595723.21875,4,0.0005589745844865046,MeanReversion,0.1189816039599616
2024-07-25 00:00:00+09:00,112739837.81787115,66302437.17724615,46437400.640625,4,0.0075218164346615435,MeanReversion,0.12739837817871158
2024-07-26 00:00:00+09:00,112130114.97412115,66302437.17724615,45827677.796875,4,-0.005408228852830099,MeanReversion,0.12130114974121153
2024-07-29 00:00:00+09:00,112644146.89599615,66302437.17724615,46341709.71875,4,0.0045842450263573475,MeanReversion,0.12644146895996156
2024-07-30 00:00:00+09:00,112209103.67724615,66302437.17724615,45906666.5,4,-0.0038621022994801413,MeanReversion,0.12209103677246147
2024-07-31 00:00:00+09:00,112613236.31787115,66302437.17724615,46310799.140625,4,0.0036016029660785875,MeanReversion,0.12613236317871146
2024-08-01 00:00:00+09:00,112708424.86474615,66302437.17724615,46405987.6875,4,0.0008452696147218663,MeanReversion,0.12708424864746148
2024-08-02 00:00:00+09:00,111688441.39180866,61337681.64180865,50350759.75000001,5,-0.009049753593500243,MeanReversion,0.11688441391808668
2024-08-05 00:00:00+09:00,106884239.23555866,61337681.64180865,45546557.59375001,5,-0.04301431819069457,MeanReversion,0.06884239235558653
2024-08-06 00:00:00+09:00,107996357.48555866,61337681.64180865,46658675.84375001,5,0.010404885303520128,MeanReversion,0.0799635748555867
2024-08-07 00:00:00+09:00,107538597.52380866,65234100.71130865,42304496.81250001,4,-0.004238661121614307,MeanReversion,0.07538597523808654
2024-08-08 00:00:00+09:00,107303675.68005866,65234100.71130865,42069574.96875001,4,-0.0021845351265435964,MeanReversion,0.07303675680058652
2024-08-09 00:00:00+09:00,107824301.35193366,65234100.71130865,42590200.64062501,4,0.0048518903809717795,MeanReversion,0.0782430135193366
2024-08-12 00:00:00+09:00,107440161.89880866,65234100.71130865,42206061.18750001,4,-0.003562642635366431,MeanReversion,0.0744016189880865
2024-08-13 00:00:00+09:00,106866871.91443366,65234100.71130865,41632771.20312501,4,-0.0053359002280259915,MeanReversion,0.06866871914433648
2024-08-14 00:00:00+09:00,107198779.39880866,65234100.71130865,41964678.68750001,4,0.0031058033086319714,MeanReversion,0.07198779398808663
2024-08-16 00:00:00+09:00,107820519.10193366,65234100.71130865,42586418.39062501,4,0.0057998767020654984,MeanReversion,0.07820519101933665
2024-08-19 00:00:00+09:00,107358462.30505866,65234100.71130865,42124361.59375001,4,-0.004285425452628111,MeanReversion,0.07358462305058655
2024-08-20 00:00:00+09:00,107453031.39880866,65234100.71130865,42218930.68750001,4,0.0008808722826272319,MeanReversion,0.07453031398808663
2024-08-21 00:00:00+09:00,107391366.28943366,65234100.71130865,42157265.57812501,4,-0.0005738796623254716,MeanReversion,0.07391366289433665
2024-08-22 00:00:00+09:00,108785271.88318366,65234100.71130865,43551171.17187501,4,0.012979680228606405,MeanReversion,0.08785271883183654
2024-08-23 00:00:00+09:00,108740054.11755866,65234100.71130865,43505953.40625001,4,-0.0004156607309264704,MeanReversion,0.08740054117558649
2024-08-26 00:00:00+09:00,109445076.05505866,65234100.71130865,44210975.34375001,4,0.006483553307209178,MeanReversion,0.09445076055058665
2024-08-27 00:00:00+09:00,108963235.63318366,65234100.71130865,43729134.92187501,4,-0.004402577431922072,MeanReversion,0.08963235633183664
2024-08-28 00:00:00+09:00,108511023.58630866,65234100.71130865,43276922.87500001,4,-0.004150134164493169,MeanReversion,0.08511023586308664
2024-08-29 00:00:00+09:00,108483351.77380866,65234100.71130865,43249251.06250001,4,-0.00025501383717008164,MeanReversion,0.08483351773808656
2024-08-30 00:00:00+09:00,109053261.33630866,65234100.71130865,43819160.62500001,4,0.005253428781296199,MeanReversion,0.0905326133630866
2024-09-02 00:00:00+09:00,108779374.08630866,65234100.71130865,43545273.37500001,4,-0.0025114998546935663,MeanReversion,0.08779374086308667
2024-09-03 00:00:00+09:00,108184019.07068366,65234100.71130865,42949918.35937501,4,-0.005473050572552762,MeanReversion,0.08184019070683668
2024-09-04 00:00:00+09:00,106463858.32068366,65234100.71130865,41229757.60937501,4,-0.015900322106503606,MeanReversion,0.06463858320683658
2024-09-05 00:00:00+09:00,106533111.71480864,72933473.58980864,33599638.125,3,0.0006504873599111338,MeanReversion,0.06533111714808637
2024-09-06 00:00:00+09:00,105933090.15230864,72933473.58980864,32999616.5625,3,-0.005632254168133843,MeanReversion,0.05933090152308651
2024-09-09 00:00:00+09:00,105649340.26168364,72933473.58980864,32715866.671875,3,-0.002678576545034561,MeanReversion,0.05649340261683644
2024-09-10 00:00:00+09:00,106289594.91793364,72933473.58980864,33356121.328125,3,0.006060186033004511,MeanReversion,0.06289594917933639
2024-09-11 00:00:00+09:00,105902032.51168364,72933473.58980864,32968558.921875,3,-0.003646287358129774,MeanReversion,0.059020325116836414
2024-09-12 00:00:00+09:00,106851775.01168364,72933473.58980864,33918301.421875,3,0.008968123438945597,MeanReversion,0.06851775011683636
2024-09-13 00:00:00+09:00,107131968.38668364,72933473.58980864,34198494.796875,3,0.0026222622410283503,MeanReversion,0.0713196838668364
2024-09-19 00:00:00+09:00,107468308.01168364,72933473.58980864,34534834.421875,3,0.0031394888945381894,MeanReversion,0.07468308011683633
2024-09-20 00:00:00+09:00,107447103.52730864,72933473.58980864,34513629.9375,3,-0.00019730918600391334,MeanReversion,0.0744710352730864
2024-09-23 00:00:00+09:00,108505218.18355864,72933473.58980864,35571744.59375,3,0.009847772732012983,MeanReversion,0.0850521818355865
2024-09-24 00:00:00+09:00,108867668.82418364,72933473.58980864,35934195.234375,3,0.003340398247131615,MeanReversion,0.08867668824183639
2024-09-25 00:00:00+09:00,108406643.24399614,67928192.91587114,40478450.328125,4,-0.00423473364651572,MeanReversion,0.08406643243996137
2024-09-26 00:00:00+09:00,109561448.40419927,59046138.11513677,50515310.2890625,5,0.01065253129924848,MeanReversion,0.0956144840419928
2024-09-27 00:00:00+09:00,109721006.92763677,59046138.11513677,50674868.8125,5,0.001456338208024155,MeanReversion,0.09721006927636777
2024-09-30 00:00:00+09:00,108774666.01357427,59046138.11513677,49728527.8984375,5,-0.008624974747876935,MeanReversion,0.08774666013574262
2024-10-02 00:00:00+09:00,108312857.87294927,59046138.11513677,49266719.7578125,5,-0.004245548688399325,MeanReversion,0.08312857872949264
2024-10-04 00:00:00+09:00,108625339.99544927,54130743.667324275,54494596.328125,6,0.002884995637974397,MeanReversion,0.08625339995449277
2024-10-07 00:00:00+09:00,108539169.26107427,54130743.667324275,54408425.59375,6,-0.0007932839094322297,MeanReversion,0.08539169261074275
2024-10-08 00:00:00+09:00,108339904.30794927,54130743.667324275,54209160.640625,6,-0.0018358805810066992,MeanReversion,0.08339904307949264
2024-10-10 00:00:00+09:00,109231693.37044927,54130743.667324275,55100949.703125,6,0.008231399761671865,MeanReversion,0.09231693370449268
2024-10-11 00:00:00+09:00,109320633.03451177,54130743.667324275,55189889.3671875,6,0.0008142294724011734,MeanReversion,0.09320633034511783
2024-10-14 00:00:00+09:00,109320633.03451177,54130743.667324275,55189889.3671875,6,0.0,MeanReversion,0.09320633034511783
2024-10-15 00:00:00+09:00,109793101.80866802,60287270.355543025,49505831.45312499,5,0.004321862772301177,MeanReversion,0.09793101808668014
2024-10-16 00:00:00+09:00,109729451.49624616,55293224.11343365,54436227.38281251,6,-0.0005797296130022334,MeanReversion,0.09729451496246155
2024-10-17 00:00:00+09:00,109056305.47187115,40415014.90155865,68641290.5703125,8,-0.00613459755057677,MeanReversion,0.09056305471871151
2024-10-18 00:00:00+09:00,109012030.41718365,40415014.90155865,68597015.515625,8,-0.0004059834458532974,MeanReversion,0.09012030417183658
2024-10-21 00:00:00+09:00,109158075.64374615,40415014.90155865,68743060.7421875,8,0.0013397165982835801,MeanReversion,0.09158075643746155
2024-10-22 00:00:00+09:00,107812848.59687115,40415014.90155865,67397833.6953125,8,-0.012323660333343978,MeanReversion,0.07812848596871147
2024-10-23 00:00:00+09:00,108267124.73749615,40415014.90155865,67852109.8359375,8,0.0042135621731285156,MeanReversion,0.08267124737496157
2024-10-24 00:00:00+09:00,107797492.32245709,39275506.36151959,68521985.9609375,8,-0.004337719470963397,MeanReversion,0.077974923224571
2024-10-25 00:00:00+09:00,107075491.64276959,39275506.36151959,67799985.28125,8,-0.00669775023641328,MeanReversion,0.07075491642769594
2024-10-28 00:00:00+09:00,108028137.85370709,39275506.36151959,68752631.4921875,8,0.008896958550662193,MeanReversion,0.08028137853707085
2024-10-29 00:00:00+09:00,108102957.08026959,39275506.36151959,68827450.71875,8,0.0006925901718664029,MeanReversion,0.0810295708026958
2024-10-30 00:00:00+09:00,108306698.44745709,39275506.36151959,69031192.0859375,8,0.001884697446677741,MeanReversion,0.08306698447457084
2024-10-31 00:00:00+09:00,106447979.50214459,39275506.36151959,67172473.140625,8,-0.017161625014488147,MeanReversion,0.06447979502144596
2024-11-01 00:00:00+09:00,106348798.66620709,39275506.36151959,67073292.3046875,8,-0.0009317305636177275,MeanReversion,0.063487986662071
2024-11-04 00:00:00+09:00,107658946.73651959,39275506.36151959,68383440.375,8,0.012319349976153582,MeanReversion,0.0765894673651959
2024-11-05 00:00:00+09:00,107775831.22089459,39275506.36151959,68500324.859375,8,0.0010856922524149493,MeanReversion,0.0777583122089458
2024-11-06 00:00:00+09:00,107601558.57451959,43488804.30889459,64112754.265625,7,-0.0016169919025520452,MeanReversion,0.07601558574519585
2024-11-07 00:00:00+09:00,108406222.34795709,43488804.30889459,64917418.0390625,7,0.0074781795365932435,MeanReversion,0.08406222347957093
2024-11-08 00:00:00+09:00,107700472.55889459,43488804.30889459,64211668.25,7,-0.00651023321149613,MeanReversion,0.07700472558894589
2024-11-11 00:00:00+09:00,106949706.19951959,43488804.30889459,63460901.890625,7,-0.00697087340043423,MeanReversion,0.06949706199519579
2024-11-12 00:00:00+09:00,106960051.5898946,47621512.19145709,59338539.3984375,6,9.673135852938941e-05,MeanReversion,0.06960051589894589
2024-11-13 00:00:00+09:00,106272878.37333208,51747294.78739459,54525583.58593749,5,-0.006424578207920639,Trend,0.0627287837333208
2024-11-14 00:00:00+09:00,108028873.83426958,51747294.78739459,56281579.04687499,5,0.01652345817498957,Trend,0.08028873834269579
2024-11-15 00:00:00+09:00,108432683.1387696,46755088.02158209,61677595.11718751,6,0.0037379756926791963,MeanReversion,0.08432683138769592
2024-11-18 00:00:00+09:00,109405668.5918946,46755088.02158209,62650580.57031251,6,0.008973175106990583,MeanReversion,0.094056685918946
2024-11-19 00:00:00+09:00,110159836.0059571,46755088.02158209,63404747.98437501,6,0.0068933120538361425,MeanReversion,0.1015983600595709
2024-11-20 00:00:00+09:00,110098224.9668946,46755088.02158209,63343136.94531251,6,-0.0005592876795783575,MeanReversion,0.10098224966894587
2024-11-21 00:00:00+09:00,109248738.5927071,41835761.60051959,67412976.9921875,7,-0.007715713622476028,MeanReversion,0.09248738592707095
2024-11-22 00:00:00+09:00,109975997.7489571,41835761.60051959,68140236.1484375,7,0.006656911243262176,MeanReversion,0.099759977489571
2024-11-25 00:00:00+09:00,111160410.0145821,41835761.60051959,69324648.4140625,7,0.010769734213538662,MeanReversion,0.111604100145821
2024-11-26 00:00:00+09:00,111023828.04923834,71218490.26798834,39805337.78125,6,-0.0012286925293442108,MeanReversion,0.11023828049238338
2024-11-27 00:00:00+09:00,110696401.47111334,71218490.26798834,39477911.203125,6,-0.002949155905341172,MeanReversion,0.10696401471113348
2024-11-28 00:00:00+09:00,110640175.31486334,71218490.26798834,39421685.046875,6,-0.0005079312019431459,MeanReversion,0.10640175314863343
2024-11-29 00:00:00+09:00,109785712.94767584,71218490.26798834,38567222.6796875,6,-0.00772289419061245,MeanReversion,0.09785712947675829
2024-12-02 00:00:00+09:00,109161673.61173834,71218490.26798834,37943183.34375,6,-0.005684157976319937,MeanReversion,0.09161673611738341
2024-12-03 00:00:00+09:00,109907873.49455084,71218490.26798834,38689383.2265625,6,0.006835731425908209,MeanReversion,0.09907873494550845
2024-12-04 00:00:00+09:00,108309804.45548834,71218490.26798834,37091314.1875,6,-0.01454007786932332,MeanReversion,0.08309804455488345
2024-12-05 00:00:00+09:00,107462733.19767584,71218490.26798834,36244242.9296875,6,-0.007820817903522514,MeanReversion,0.0746273319767583
2024-12-06 00:00:00+09:00,106938336.68705083,79564417.14798833,27373919.5390625,5,-0.00487979874530442,MeanReversion,0.06938336687050839
2024-12-09 00:00:00+09:00,106439455.09494147,83877243.87619147,22562211.21875,4,-0.004665133268056287,MeanReversion,0.0643945509494146
2024-12-10 00:00:00+09:00,107296097.49337897,83877243.87619147,23418853.6171875,4,0.008048165951933806,MeanReversion,0.07296097493378961
2024-12-11 00:00:00+09:00,107842955.05587897,83877243.87619147,23965711.1796875,4,0.00509671437522452,MeanReversion,0.07842955055878975
2024-12-12 00:00:00+09:00,108203496.15744147,83877243.87619147,24326252.28125,4,0.0033432049536818997,MeanReversion,0.0820349615744147
2024-12-13 00:00:00+09:00,108315069.61837897,83877243.87619147,24437825.7421875,4,0.0010311446940232116,MeanReversion,0.08315069618378956
2024-12-16 00:00:00+09:00,108089176.96994147,83877243.87619147,24211933.09375,4,-0.0020855145016605015,MeanReversion,0.0808917696994147
2024-12-17 00:00:00+09:00,107708664.81509772,79079386.76822272,28629278.046875,5,-0.0035203538921344535,MeanReversion,0.0770866481509771
2024-12-18 00:00:00+09:00,108130179.51728523,69271289.72822273,38858889.7890625,6,0.003913470684193454,MeanReversion,0.0813017951728523
2024-12-19 00:00:00+09:00,107634990.65791023,69271289.72822273,38363700.9296875,6,-0.004579561983394709,MeanReversion,0.07634990657910223
2024-12-20 00:00:00+09:00,107307448.79072273,69271289.72822273,38036159.0625,6,-0.003043079812479421,MeanReversion,0.07307448790722737
2024-12-23 00:00:00+09:00,108331605.8415821,75150628.5603321,33180977.28125,5,0.009544137544978293,MeanReversion,0.08331605841582101
2024-12-24 00:00:00+09:00,108502101.2634571,75150628.5603321,33351472.703125,5,0.0015738289906301883,MeanReversion,0.08502101263457096
2024-12-26 00:00:00+09:00,108037090.7947071,75150628.5603321,32886462.234375,5,-0.004285727772413317,MeanReversion,0.08037090794707114
2024-12-27 00:00:00+09:00,107739101.4040821,75150628.5603321,32588472.84375,5,-0.0027582137618944458,MeanReversion,0.07739101404082094
2024-12-30 00:00:00+09:00,107535940.8025196,75150628.5603321,32385312.2421875,5,-0.0018856719511751718,MeanReversion,0.07535940802519603
2025-01-02 00:00:00+09:00,107705263.8181446,75150628.5603321,32554635.2578125,5,0.001574571388517798,MeanReversion,0.07705263818144603
2025-01-03 00:00:00+09:00,108350994.8650196,75150628.5603321,33200366.3046875,5,0.005995352724499137,MeanReversion,0.08350994865019601
2025-01-06 00:00:00+09:00,109187021.9509571,75150628.5603321,34036393.390625,5,0.007715915178988508,MeanReversion,0.09187021950957108
2025-01-07 00:00:00+09:00,109299085.4040821,75150628.5603321,34148456.84375,5,0.0010263440757212194,MeanReversion,0.09299085404082108
2025-01-08 00:00:00+09:00,109598905.6540821,75150628.5603321,34448277.09375,5,0.0027431176472478835,MeanReversion,0.09598905654082102
2025-01-09 00:00:00+09:00,109327163.9587696,75150628.5603321,34176535.3984375,5,-0.0024794197870020573,MeanReversion,0.09327163958769602
2025-01-10 00:00:00+09:00,110180789.6775196,75150628.5603321,35030161.1171875,5,0.007807992888866355,MeanReversion,0.10180789677519608
2025-01-13 00:00:00+09:00,109895024.5290821,75150628.5603321,34744395.96875,5,-0.002593602290144048,MeanReversion,0.09895024529082108
2025-01-14 00:00:00+09:00,109853301.5056446,75150628.5603321,34702672.9453125,5,-0.00037966253355226076,MeanReversion,0.09853301505644607
2025-01-15 00:00:00+09:00,109794279.7634571,75150628.5603321,34643651.203125,5,-0.0005372778184956628,MeanReversion,0.09794279763457103
2025-01-16 00:00:00+09:00,110611732.0603321,75150628.5603321,35461103.5,5,0.007445308613856172,MeanReversion,0.10611732060332102
2025-01-17 00:00:00+09:00,110855360.2165821,86903763.0603321,23951597.15625,4,0.0022025525838174076,MeanReversion,0.1085536021658211
2025-01-20 00:00:00+09:00,110876178.0993946,86903763.0603321,23972415.0390625,4,0.00018779319982198395,MeanReversion,0.10876178099394607
2025-01-21 00:00:00+09:00,110589796.1618946,86903763.0603321,23686033.1015625,4,-0.0025828987110583235,MeanReversion,0.10589796161894593
2025-01-22 00:00:00+09:00,110990915.1540821,86903763.0603321,24087152.09375,4,0.003627088629409192,MeanReversion,0.10990915154082104
2025-01-23 00:00:00+09:00,110785827.1697071,86903763.0603321,23882064.109375,4,-0.00184779073215402,MeanReversion,0.10785827169707107
2025-01-24 00:00:00+09:00,110788532.9822071,86903763.0603321,23884769.921875,4,2.4423814571905567e-05,MeanReversion,0.107885329822071
2025-01-31 00:00:00+09:00,110738256.16081648,92738807.17644148,17999448.984375,3,-0.0004538088919248118,MeanReversion,0.10738256160816473
2025-02-03 00:00:00+09:00,110202311.23894148,92738807.17644148,17463504.0625,3,-0.004839745002817142,MeanReversion,0.10202311238941486
2025-02-04 00:00:00+09:00,110229504.90300398,92738807.17644148,17490697.7265625,3,0.000246761286190722,MeanReversion,0.10229504903003983
2025-02-05 00:00:00+09:00,110445560.86394148,92738807.17644148,17706753.6875,3,0.0019600556232890476,MeanReversion,0.10445560863941483
2025-02-06 00:00:00+09:00,110604520.34050398,92738807.17644148,17865713.1640625,3,0.001439256365933339,MeanReversion,0.10604520340503987
2025-02-07 00:00:00+09:00,110421007.52019148,92738807.17644148,17682200.34375,3,-0.0016591801107905813,MeanReversion,0.10421007520191483
2025-02-10 00:00:00+09:00,110658807.41862898,92738807.17644148,17920000.2421875,3,0.0021535747932206473,MeanReversion,0.10658807418628968
2025-02-11 00:00:00+09:00,110638357.93425398,92738807.17644148,17899550.7578125,3,-0.00018479762119283372,MeanReversion,0.10638357934253984
2025-02-12 00:00:00+09:00,110528580.67706648,96906942.02081648,13621638.65625,2,-0.0009922169782449197,MeanReversion,0.10528580677066479
2025-02-13 00:00:00+09:00,110780111.17706648,96906942.02081648,13873169.15625,2,0.0022757055094637657,MeanReversion,0.10780111177066476
2025-02-14 00:00:00+09:00,110751298.11456648,96906942.02081648,13844356.09375,2,-0.0002600923775383235,MeanReversion,0.10751298114566477
2025-02-17 00:00:00+09:00,110601347.58331648,96906942.02081648,13694405.5625,2,-0.0013539392657491156,MeanReversion,0.10601347583316478
2025-02-18 00:00:00+09:00,110760704.34894148,96906942.02081648,13853762.328125,2,0.00144082119347555,MeanReversion,0.10760704348941474
2025-02-19 00:00:00+09:00,111130207.43487898,96906942.02081648,14223265.4140625,2,0.0033360485391409345,MeanReversion,0.1113020743487898
2025-02-20 00:00:00+09:00,111058546.02862898,96906942.02081648,14151604.0078125,2,-0.0006448418292748226,MeanReversion,0.11058546028628968
2025-02-21 00:00:00+09:00,111099453.20050398,96906942.02081648,14192511.1796875,2,0.00036833880271092134,MeanReversion,0.11099453200503984
2025-02-24 00:00:00+09:00,110981211.14581648,96906942.02081648,14074269.125,2,-0.0010642901587832876,MeanReversion,0.10981211145816472
2025-02-25 00:00:00+09:00,110856550.40362898,96906942.02081648,13949608.3828125,2,-0.0011232598824651996,MeanReversion,0.10856550403628984
2025-02-26 00:00:00+09:00,110822063.00519148,96906942.02081648,13915120.984375,2,-0.0003110993289249242,MeanReversion,0.10822063005191485
2025-02-27 00:00:00+09:00,110811960.70831648,96906942.02081648,13905018.6875,2,-9.1157812813214e-05,MeanReversion,0.1081196070831647
2025-02-28 00:00:00+09:00,110330328.97853522,91939270.99416022,18391057.984375,3,-0.004346387580389632,MeanReversion,0.1033032897853523
2025-03-04 00:00:00+09:00,110237731.75978522,91939270.99416022,18298460.765625,3,-0.0008392725699930548,MeanReversion,0.10237731759785218
2025-03-05 00:00:00+09:00,110185919.47072272,91939270.99416022,18246648.4765625,3,-0.0004700050358020791,MeanReversion,0.10185919470722715
2025-03-06 00:00:00+09:00,110432282.66603522,91939270.99416022,18493011.671875,3,0.002235886368203044,MeanReversion,0.1043228266603522
2025-03-07 00:00:00+09:00,110255430.00978522,91939270.99416022,18316159.015625,3,-0.0016014579430982945,MeanReversion,0.10255430009785216
2025-03-10 00:00:00+09:00,110326016.22853522,91939270.99416022,18386745.234375,3,0.0006402062804864439,MeanReversion,0.10326016228535218
2025-03-11 00:00:00+09:00,110195695.02541022,91939270.99416022,18256424.03125,3,-0.0011812372782050717,MeanReversion,0.10195695025410223
2025-03-12 00:00:00+09:00,110434542.84572272,91939270.99416022,18495271.8515625,3,0.002167487761272513,MeanReversion,0.10434542845722716
2025-03-13 00:00:00+09:00,110580295.00978522,91939270.99416022,18641024.015625,3,0.001319805925815487,MeanReversion,0.10580295009785212
2025-03-14 00:00:00+09:00,110499011.91603522,91939270.99416022,18559740.921875,3,-0.0007350594763995133,MeanReversion,0.10499011916035217
2025-03-17 00:00:00+09:00,111008390.19728522,91939270.99416022,19069119.203125,3,0.004609799421890326,MeanReversion,0.11008390197285212
2025-03-18 00:00:00+09:00,111128075.58791022,91939270.99416022,19188804.59375,3,0.0010781652667180008,MeanReversion,0.11128075587910224
2025-03-19 00:00:00+09:00,111421020.83009772,91939270.99416022,19481749.8359375,3,0.0026361046984544334,MeanReversion,0.11421020830097728
2025-03-20 00:00:00+09:00,111722326.36916022,91939270.99416022,19783055.375,3,0.0027042073104135422,MeanReversion,0.11722326369160219
2025-03-21 00:00:00+09:00,111958674.32228522,91939270.99416022,20019403.328125,3,0.0021154943761558798,MeanReversion,0.11958674322285212
2025-03-24 00:00:00+09:00,111999749.83009772,91939270.99416022,20060478.8359375,3,0.00036688097694215216,MeanReversion,0.11999749830097728
2025-03-25 00:00:00+09:00,112069709.28322272,91939270.99416022,20130438.2890625,3,0.0006246393695621411,MeanReversion,0.12069709283222729
2025-03-26 00:00:00+09:00,112366410.91603522,91939270.99416022,20427139.921875,3,0.00264747392234832,MeanReversion,0.12366410916035231
2025-03-27 00:00:00+09:00,112091711.80666022,91939270.99416022,20152440.8125,3,-0.00244467280867644,MeanReversion,0.12091711806660221
2025-03-28 00:00:00+09:00,111613272.36916022,91939270.99416022,19674001.375,3,-0.0042682855831948086,MeanReversion,0.1161327236916021
2025-03-31 00:00:00+09:00,111055870.11134772,91939270.99416022,19116599.1171875,3,-0.0049940499546407,MeanReversion,0.11055870111347721
2025-04-01 00:00:00+09:00,111287933.57228522,91939270.99416022,19348662.578125,3,0.0020896100377658655,MeanReversion,0.11287933572285214
2025-04-02 00:00:00+09:00,111287615.41603522,91939270.99416022,19348344.421875,3,-2.8588566594045517e-06,MeanReversion,0.11287615416035224
2025-04-03 00:00:00+09:00,110819019.08009772,91939270.99416022,18879748.0859375,3,-0.0042106781979801555,MeanReversion,0.10819019080097725
2025-04-04 00:00:00+09:00,110568390.51759772,91939270.99416022,18629119.5234375,3,-0.0022616024269159762,MeanReversion,0.10568390517597726
2025-04-07 00:00:00+09:00,109387777.27441023,61567437.13378523,47820340.140625,5,-0.010677674131465142,MeanReversion,0.09387777274410225
2025-04-08 00:00:00+09:00,107873435.41503523,61567437.13378523,46305998.28125,5,-0.013843794042693869,MeanReversion,0.07873435415035224
2025-04-09 00:00:00+09:00,107522033.21447274,56641387.23009773,50880645.98437501,6,-0.0032575415737016167,MeanReversion,0.07522033214472734
2025-04-10 00:00:00+09:00,110361136.71447274,56641387.23009773,53719749.48437501,6,0.02640485317401753,MeanReversion,0.1036113671447274
2025-04-11 00:00:00+09:00,109993197.91759774,56641387.23009773,53351810.68750001,6,-0.0033339525835706096,MeanReversion,0.0999319791759774
2025-04-14 00:00:00+09:00,110395503.57897273,62772987.453972735,47622516.12499999,5,0.0036575503666724796,MeanReversion,0.1039550357897272
2025-04-15 00:00:00+09:00,110924409.72741023,62772987.453972735,48151422.27343749,5,0.004791011692420355,MeanReversion,0.10924409727410223
2025-04-16 00:00:00+09:00,110760068.27428523,62772987.453972735,47987080.82031249,5,-0.0014815625661552811,MeanReversion,0.10760068274285217
2025-04-17 00:00:00+09:00,110941478.77428523,62772987.453972735,48168491.32031249,5,0.0016378691601268702,MeanReversion,0.10941478774285218
2025-04-18 00:00:00+09:00,111742046.93834773,62772987.453972735,48969059.48437499,5,0.0072161302779394365,MeanReversion,0.11742046938347728
2025-04-21 00:00:00+09:00,111785785.34459773,62772987.453972735,49012797.89062499,5,0.00039142299115146884,MeanReversion,0.11785785344597732
2025-04-22 00:00:00+09:00,112494907.06334773,62772987.453972735,49721919.60937499,5,0.006343576838182319,MeanReversion,0.12494907063347727
2025-04-23 00:00:00+09:00,112707125.84459773,62772987.453972735,49934138.39062499,5,0.001886474568404184,MeanReversion,0.12707125844597722
2025-04-24 00:00:00+09:00,112611006.61803523,62772987.453972735,49838019.16406249,5,-0.0008528229767391649,MeanReversion,0.12611006618035225
2025-04-25 00:00:00+09:00,113133971.11803523,62772987.453972735,50360983.66406249,5,0.004643990989032121,MeanReversion,0.13133971118035226
2025-04-28 00:00:00+09:00,113418543.79772273,62772987.453972735,50645556.34374999,5,0.0025153601245959667,MeanReversion,0.13418543797722737
2025-04-29 00:00:00+09:00,113843758.91904305,68735149.93466805,45108608.984375,4,0.003749079357593166,MeanReversion,0.1384375891904306
2025-04-30 00:00:00+09:00,114419619.91904305,68735149.93466805,45684469.984375,4,0.0050583449234973266,MeanReversion,0.14419619919043059
2025-05-02 00:00:00+09:00,113980629.19248055,68735149.93466805,45245479.2578125,4,-0.003836673525686507,MeanReversion,0.13980629192480554
2025-05-07 00:00:00+09:00,114232617.30966805,68735149.93466805,45497467.375,4,0.002210797737938197,MeanReversion,0.1423261730966805
2025-05-08 00:00:00+09:00,112890372.92621492,74700697.05121492,38189675.875,3,-0.011750097433331996,MeanReversion,0.1289037292621491
2025-05-09 00:00:00+09:00,113294694.37933992,74700697.05121492,38593997.328125,3,0.0035815405923875776,MeanReversion,0.13294694379339922
2025-05-12 00:00:00+09:00,113782136.01215242,74700697.05121492,39081438.9609375,3,0.00430242241689105,MeanReversion,0.13782136012152413
2025-05-13 00:00:00+09:00,113429890.25433992,74700697.05121492,38729193.203125,3,-0.003095791397121239,MeanReversion,0.13429890254339916
2025-05-14 00:00:00+09:00,113914303.82465242,74700697.05121492,39213606.7734375,3,0.004270598950826043,MeanReversion,0.1391430382465242
2025-05-15 00:00:00+09:00,113530506.82465242,74700697.05121492,38829809.7734375,3,-0.0033691730284440835,MeanReversion,0.13530506824652422
2025-05-16 00:00:00+09:00,113289070.81683992,74700697.05121492,38588373.765625,3,-0.002126617898265848,MeanReversion,0.1328907081683992
2025-05-19 00:00:00+09:00,112744233.00433992,74700697.05121492,38043535.953125,3,-0.004809270731691906,MeanReversion,0.1274423300433991
2025-05-20 00:00:00+09:00,112670133.29340242,74700697.05121492,37969436.2421875,3,-0.0006572372613918853,MeanReversion,0.12670133293402408
2025-05-21 00:00:00+09:00,112574601.54340242,74700697.05121492,37873904.4921875,3,-0.0008478888522411854,MeanReversion,0.1257460154340242
2025-05-22 00:00:00+09:00,112065297.14496492,74700697.05121492,37364600.09375,3,-0.004524150132044991,MeanReversion,0.12065297144964915
2025-05-23 00:00:00+09:00,111910251.85590242,74700697.05121492,37209554.8046875,3,-0.0013835263280651544,MeanReversion,0.1191025185590242
2025-05-26 00:00:00+09:00,112684604.44183992,74700697.05121492,37983907.390625,3,0.006919407052488502,MeanReversion,0.1268460444183992
2025-05-27 00:00:00+09:00,112004455.94183992,74700697.05121492,37303758.890625,3,-0.006035860030471518,MeanReversion,0.1200445594183992
2025-05-28 00:00:00+09:00,112935807.48090242,74700697.05121492,38235110.4296875,3,0.008315307915482517,MeanReversion,0.12935807480902417
2025-05-29 00:00:00+09:00,113370168.44965242,74700697.05121492,38669471.3984375,3,0.0038460872458316864,MeanReversion,0.1337016844965242
2025-05-30 00:00:00+09:00,113005225.41058992,74700697.05121492,38304528.359375,3,-0.0032190394003389633,MeanReversion,0.13005225410589927
2025-06-02 00:00:00+09:00,112936293.80121492,74700697.05121492,38235596.75,3,-0.0006099860349337849,MeanReversion,0.12936293801214926
2025-06-04 00:00:00+09:00,113014377.02777742,74700697.05121492,38313679.9765625,3,0.0006913917920836621,MeanReversion,0.13014377027777413
2025-06-05 00:00:00+09:00,114062462.39496492,74700697.05121492,39361765.34375,3,0.009273911822120562,MeanReversion,0.14062462394964914
2025-06-09 00:00:00+09:00,115341790.17621492,74700697.05121492,40641093.125,3,0.011216028081351359,MeanReversion,0.1534179017621491
2025-06-10 00:00:00+09:00,115423497.76215242,74700697.05121492,40722800.7109375,3,0.0007083953336659565,MeanReversion,0.15423497762152416
2025-06-11 00:00:00+09:00,115767568.41840242,74700697.05121492,41066871.3671875,3,0.0029809411681407383,MeanReversion,0.1576756841840241
2025-06-12 00:00:00+09:00,115440121.86371492,74700697.05121492,40739424.8125,3,-0.0028284826153043285,MeanReversion,0.15440121863714928
2025-06-13 00:00:00+09:00,115396541.62933992,74700697.05121492,40695844.578125,3,-0.0003775137592668676,MeanReversion,0.15396541629339922
2025-06-16 00:00:00+09:00,116469124.77777742,74700697.05121492,41768427.7265625,3,0.00929475990608708,MeanReversion,0.16469124777777422
2025-06-17 00:00:00+09:00,116305935.51215242,74700697.05121492,41605238.4609375,3,-0.0014011375627348555,MeanReversion,0.16305935512152425
2025-06-18 00:00:00+09:00,121375515.07623054,106653396.34185554,14722118.734375,2,0.04358831337157687,MeanReversion,0.21375515076230545
2025-06-19 00:00:00+09:00,121305254.78716804,106653396.34185554,14651858.4453125,2,-0.0005788670723116951,MeanReversion,0.2130525478716805
2025-06-20 00:00:00+09:00,121428776.51373054,106653396.34185554,14775380.171875,2,0.0010182718529319068,MeanReversion,0.2142877651373054
2025-06-23 00:00:00+09:00,120975324.56841804,106653396.34185554,14321928.2265625,2,-0.00373430383086526,MeanReversion,0.2097532456841804
2025-06-24 00:00:00+09:00,121486949.56060554,106653396.34185554,14833553.21875,2,0.00422916817138308,MeanReversion,0.2148694956060555
2025-06-25 00:00:00+09:00,121882137.49454305,101660084.11954305,20222053.375,3,0.0032529249879664768,MeanReversion,0.2188213749454304
2025-06-26 00:00:00+09:00,121480634.22891805,101660084.11954305,19820550.109375,3,-0.0032941928479304217,MeanReversion,0.21480634228918039
2025-06-27 00:00:00+09:00,121324019.92916805,121324019.92916805,0.0,0,-0.001289212068607437,Trend,0.21324019929168037
